event_params__ga_session_id,user_pseudo_id,customer_character_count,character_list,average_tier,average_wrong_answers,session_duration_seconds,session_start_time,Wheel_Impression,Wheel_Skips,Wheel_Spins,Ads_Watched_Count,gold_starting,gold_gained,gold_spent,gold_delta,is_depted_for_doll,Potions_Bought,Incenses_Bought,Amulets_Bought,AliCin_Used,Cauldron_Used,Coffee_Used,bought_new_customer
1758051400.0,2c47397152df7cf520f26b3e2bd289d9,3,"['Mo', 'Mo', 'Mo', 'Mo', 'Obvious Joe', 'Obvious Joe', 'Obvious Joe', 'Obvious Joe', 'Mo', 'Mo', 'Mo', 'Mo', 'Crystal Raw', 'Crystal Raw', 'Crystal Raw', 'Crystal Raw', 'Obvious Joe', 'Obvious Joe']",1.44,1.29,,,0,0,0,0,0.0,510.0,400.0,110.0,0.0,0.0,0.0,2.0,,,,1
1758099260.0,a8e9aa3492e6a8e39382c4af63a2966a,3,"['T', 'T', 'T', 'T', 'Mi', 'Mi', 'Mi', 'Mi', 'T', 'T', 'T', 'T', 'Mo', 'Mo', 'Mo', 'Mo']",1.0,0.31,777.48,2025-09-17 08:54:20.302000+00:00,0,0,0,0,0.0,420.0,200.0,220.0,0.0,,,,,,,1
1758101578.0,6b7bfe13725352467ae11e02235f3a6c,3,"['T', 'T', 'T', 'T', 'Mi', 'Mi', 'Mi', 'Mi', 'T', 'T', 'T', 'T', 'Mo', 'Mo']",1.0,0.23,842.28,2025-09-17 09:32:58.580000+00:00,0,0,0,0,0.0,390.0,200.0,190.0,0.0,,,,,,,1
1758102590.0,4cc78993f8236585546a9f6aeffa0d13,3,"['Mi', 'Mi', 'Mi', 'Mi', 'T', 'T', 'T', 'T', 'Mo', 'Mo', 'Mo', 'Mo', 'T', 'T', 'T', 'T', 'T', 'T', 'T', 'T', 'Mi', 'Mi', 'Mi', 'Mi', 'T', 'T', 'T', 'T', 'Mo', 'Mo', 'Mo', 'Mo', 'T', 'T', 'T', 'T', 'T', 'T', 'T', 'T', 'T', 'T', 'T', 'T', 'T', 'T', 'Mi']",2.32,0.09,1777.78,2025-09-17 09:49:50.783000+00:00,0,0,0,0,1000.0,3140.0,3100.0,40.0,0.0,0.0,1.0,0.0,,,,1
1758102967.0,744a37f98b8975b7993e38979ae329da,1,"['T', 'T', 'T']",1.0,0.12,770.48,2025-09-17 09:56:07.714000+00:00,0,0,0,0,0.0,0.0,0.0,0.0,0.0,,,,,,,0
1758106297.0,4cc78993f8236585546a9f6aeffa0d13,2,"['Mi', 'Mi', 'Mi', 'Mi', 'Mi', 'Mi', 'Mi', 'Mi', 'Mi', 'Mo']",1.4,0.09,3758.59,2025-09-17 10:51:37.262000+00:00,0,0,0,0,2680.0,510.0,1000.0,-490.0,0.0,,,,0.0,1.0,0.0,0
1758108109.0,eaa3bed88c48097933150012df3e8f73,2,"['Mo', 'Mo', 'Mo', 'Mo', 'T', 'T', 'T', 'T', 'T', 'T', 'T', 'T']",1.33,0.12,820.59,2025-09-17 11:21:49.072000+00:00,0,0,0,0,260.0,520.0,200.0,320.0,0.0,1.0,0.0,0.0,1.0,1.0,1.0,0
1758111919.0,4cc78993f8236585546a9f6aeffa0d13,1,"['Mo', 'Mo', 'Mo', 'Mo', 'Mo', 'Mo', 'Mo', 'Mo', 'Mo']",1.56,0.86,2695.41,2025-09-17 12:25:19.212000+00:00,0,0,0,0,950.0,390.0,0.0,390.0,0.0,,,,,,,0
1758115422.0,2c47397152df7cf520f26b3e2bd289d9,6,"['Obvious Joe', 'Obvious Joe', 'Obvious Joe', 'Mo', 'Mo', 'Mo', 'Mo', 'Mo', 'Mo', 'Mo', 'Mo', 'Billy', 'Billy', 'Billy', 'Billy', 'C Jay', 'C Jay', 'C Jay', 'C Jay', 'Obvious Joe', 'Obvious Joe', 'Obvious Joe', 'Obvious Joe', 'Mr. Yogurt', 'Mr. Yogurt', 'Mr. Yogurt', 'Mr. Yogurt', 'Frenchie', 'Frenchie']",1.41,0.21,4768.62,2025-09-17 13:23:42.198000+00:00,1,0,1,0,370.0,1040.0,400.0,640.0,0.0,1.0,1.0,0.0,,,,2
1758120488.0,5f84f13d37dad04639af109c15e21f17,3,"['T', 'T', 'T', 'T', 'Mi', 'Mi', 'Mi', 'Mi', 'T', 'T', 'T', 'T', 'Mo', 'Mo', 'Mo', 'Mo', 'T', 'T', 'T', 'T']",1.0,0.44,4129.07,2025-09-17 14:48:08.512000+00:00,0,0,0,0,550.0,650.0,400.0,250.0,0.0,1.0,0.0,0.0,,,,1
1758128837.0,4f2fe705f62542943d31cdfdc7f3f94b,2,"['T', 'T', 'T', 'T', 'Mi', 'Mi', 'Mi', 'Mi', 'T', 'T']",1.0,0.42,700.6,2025-09-17 17:07:16.941000+00:00,0,0,0,0,0.0,180.0,200.0,-20.0,0.0,,,,,,,0
1758129048.0,14dc8a61fa5b0fafaef6e79df39870f4,3,"['T', 'T', 'T', 'T', 'T', 'Mi', 'Mi', 'Mi', 'Mi', 'T', 'T', 'T', 'T', 'Mo', 'Mo', 'Mo', 'Mo', 'T', 'T', 'T']",1.0,0.8,1868.85,2025-09-17 17:10:47.754000+00:00,0,0,0,0,580.0,450.0,400.0,50.0,0.0,1.0,0.0,0.0,,,,1
1758131766.0,6e4f632b8ff65452b5b431366cb5137d,3,"['T', 'T', 'T', 'T', 'T', 'T', 'Mi', 'Mi', 'Mi', 'Mi', 'T', 'T', 'T', 'T', 'Mo', 'Mo', 'Mo', 'Mo', 'T', 'T', 'T', 'T', 'T', 'T', 'T']",1.72,0.31,998.85,2025-09-17 17:56:06.844000+00:00,0,0,0,0,540.0,710.0,1000.0,-290.0,0.0,,,,2.0,1.0,1.0,1
1758132153.0,0f8f649263450c258692b2c77bc0fb0d,3,"['T', 'T', 'T', 'T', 'Mi', 'Mi', 'Mi', 'Mi', 'T', 'T', 'T', 'T', 'Mo', 'Mo', 'Mo', 'Mo']",1.0,0.57,975.05,2025-09-17 18:02:33.336000+00:00,0,0,0,0,270.0,470.0,200.0,270.0,0.0,,,,,,,1
1758134856.0,823633d925e6b92a4da9de5ee9787a51,7,"['T', 'T', 'T', 'T', 'Mi', 'Mi', 'Mi', 'Mi', 'T', 'T', 'T', 'T', 'Mo', 'Mo', 'Mo', 'Mo', 'T', 'T', 'T', 'T', 'T', 'T', 'T', 'T', 'Mi', 'Mi', 'Mi', 'Mi', 'T', 'T', 'T', 'T', 'Mo', 'Mo', 'Mo', 'Mo', 'T', 'T', 'T', 'T', 'T', 'T', 'T', 'T', 'Mi', 'Mi', 'Mi', 'Mi', 'T', 'T', 'T', 'T', 'Mo', 'Mo', 'Mo', 'Mo', 'T', 'T', 'T', 'T', 'T', 'T', 'T', 'T', 'T', 'T', 'T', 'T', 'T', 'T', 'Mr. Yogurt', 'Mr. Yogurt', 'Mr. Yogurt', 'Mr. Yogurt', 'Frenchie', 'Frenchie', 'Frenchie', 'Frenchie', 'Crystal Raw', 'Crystal Raw', 'Crystal Raw', 'Crystal Raw', 'Frenchie', 'Frenchie', 'Frenchie', 'Frenchie', 'Mr. Yogurt', 'Mr. Yogurt', 'Mr. Yogurt', 'Mr. Yogurt', 'Mo', 'Mo', 'Mo', 'Mo', 'Mo', 'Mo', 'Mo', 'Mo', 'Mi', 'Mi', 'Mi', 'Mi', 'Mi', 'Mi', 'Mi', 'Mi', 'Billy', 'Billy', 'Billy', 'Billy']",1.67,0.62,4904.67,2025-09-17 18:47:36.786000+00:00,0,0,0,0,0.0,3680.0,4600.0,-920.0,1.0,2.0,1.0,1.0,1.0,1.0,1.0,2
1758136472.0,e6b7338f440a427107cdcf28fe55fb62,3,"['Crystal Raw', 'Crystal Raw', 'Crystal Raw', 'Crystal Raw', 'Mi', 'Mi', 'Mi', 'Mi', 'Mi', 'Mi', 'Mi', 'Mi', 'Mr. Yogurt', 'Mr. Yogurt', 'Mr. Yogurt', 'Mr. Yogurt']",1.25,1.06,665.69,2025-09-17 19:14:32.421000+00:00,1,0,1,0,400.0,470.0,0.0,470.0,0.0,,,,,,,1
1758143869.0,2c47397152df7cf520f26b3e2bd289d9,7,"['Frenchie', 'Frenchie', 'Frenchie', 'Obvious Joe', 'Obvious Joe', 'Obvious Joe', 'Obvious Joe', 'Obvious Joe', 'Obvious Joe', 'Obvious Joe', 'Obvious Joe', 'Billy', 'Billy', 'Billy', 'Billy', 'Frenchie', 'Frenchie', 'Frenchie', 'Frenchie', 'C Jay', 'C Jay', 'C Jay', 'C Jay', 'Mr. Yogurt', 'Mr. Yogurt', 'Mr. Yogurt', 'Mr. Yogurt', 'Mo', 'Mo', 'Mo', 'Mo', 'Frenchie', 'Frenchie', 'Frenchie', 'Frenchie', 'Crystal Raw', 'Crystal Raw', 'Crystal Raw', 'Crystal Raw', 'Obvious Joe', 'Obvious Joe', 'Obvious Joe', 'Obvious Joe', 'Mo', 'Mo', 'Mo', 'Mo', 'Crystal Raw', 'Crystal Raw', 'Crystal Raw', 'Crystal Raw', 'Crystal Raw', 'Crystal Raw', 'Crystal Raw', 'Crystal Raw', 'Billy', 'Billy', 'Billy', 'Billy', 'C Jay', 'C Jay', 'C Jay', 'C Jay', 'Obvious Joe', 'Obvious Joe', 'Obvious Joe', 'Obvious Joe']",1.48,1.06,2820.59,2025-09-17 21:17:49.965000+00:00,0,0,0,0,1010.0,2220.0,1500.0,720.0,0.0,1.0,2.0,3.0,,,,2
1758155069.0,2c47397152df7cf520f26b3e2bd289d9,7,"['Obvious Joe', 'Obvious Joe', 'Obvious Joe', 'Obvious Joe', 'Obvious Joe', 'Billy', 'Billy', 'Billy', 'Billy', 'Billy', 'Billy', 'Billy', 'Billy', 'Mr. Yogurt', 'Mr. Yogurt', 'Mr. Yogurt', 'Mr. Yogurt', 'Billy', 'Billy', 'Billy', 'Billy', 'Crystal Raw', 'Crystal Raw', 'Crystal Raw', 'Crystal Raw', 'Frenchie', 'Frenchie', 'Frenchie', 'Frenchie', 'Frenchie', 'Frenchie', 'Frenchie', 'Frenchie', 'C Jay', 'C Jay', 'C Jay', 'C Jay', 'C Jay', 'C Jay', 'C Jay', 'C Jay', 'Mi', 'Mi', 'Mi', 'Mi', 'Mi', 'Mi', 'Mi', 'Mi', 'C Jay', 'C Jay', 'C Jay', 'C Jay', 'Frenchie', 'Frenchie', 'Frenchie', 'Frenchie', 'Obvious Joe', 'Obvious Joe', 'Obvious Joe', 'Obvious Joe', 'Crystal Raw', 'Crystal Raw', 'Crystal Raw', 'Crystal Raw', 'Crystal Raw']",1.83,0.2,2210.0,2025-09-18 00:24:29.774000+00:00,1,0,1,0,1730.0,4300.0,5100.0,-800.0,0.0,8.0,9.0,7.0,,,,2
1758166671.0,744a37f98b8975b7993e38979ae329da,2,"['T', 'T', 'T', 'T', 'Mi', 'Mi', 'Mi', 'Mi', 'T', 'T', 'T']",1.0,0.33,632.86,2025-09-18 03:37:51.628000+00:00,0,0,0,0,0.0,300.0,200.0,100.0,0.0,,,,,,,0
1758170221.0,744a37f98b8975b7993e38979ae329da,2,"['T', 'T', 'Mo', 'Mo', 'Mo', 'Mo']",1.0,0.0,195.14,2025-09-18 04:37:01.116000+00:00,0,0,0,0,100.0,220.0,0.0,220.0,0.0,,,,,,,0
1758182253.0,5448559ae43135df0a1f2e23ebe82661,1,"['T', 'T', 'T']",1.0,1.0,954.43,2025-09-18 07:57:33.923000+00:00,0,0,0,0,0.0,20.0,0.0,20.0,0.0,,,,,,,0
1758184723.0,6b7bfe13725352467ae11e02235f3a6c,1,"['Mo', 'Mo']",1.0,0.38,993.82,2025-09-18 08:38:43.975000+00:00,0,0,0,0,190.0,10.0,0.0,10.0,0.0,,,,,,,0
1758189020.0,a8e9aa3492e6a8e39382c4af63a2966a,2,"['T', 'T', 'T', 'T', 'T', 'T', 'T', 'T', 'Mi']",1.44,0.0,1021.71,2025-09-18 09:50:20.737000+00:00,0,0,0,0,240.0,310.0,200.0,110.0,0.0,1.0,0.0,0.0,1.0,1.0,1.0,0
1758191860.0,14dc8a61fa5b0fafaef6e79df39870f4,1,"['T', 'T']",1.5,0.77,368.26,2025-09-18 10:37:40.035000+00:00,0,0,0,0,380.0,70.0,0.0,70.0,0.0,,,,0.0,0.0,1.0,0
1758198217.0,823633d925e6b92a4da9de5ee9787a51,8,"['Mr. Yogurt', 'Mr. Yogurt', 'Mr. Yogurt', 'Mr. Yogurt', 'Billy', 'Billy', 'Billy', 'Billy', 'Mo', 'Mo', 'Mo', 'Mo', 'C Jay', 'C Jay', 'C Jay', 'C Jay', 'Mi', 'Mi', 'Mi', 'Mi', 'Mr. Yogurt', 'Mr. Yogurt', 'Mr. Yogurt', 'Mr. Yogurt', 'Mr. Yogurt', 'Mr. Yogurt', 'Mr. Yogurt', 'Mr. Yogurt', 'Mo', 'Mo', 'Mo', 'Mo', 'Mo', 'Mo', 'Mo', 'Mo', 'Crystal Raw', 'Crystal Raw', 'Crystal Raw', 'Crystal Raw', 'Mi', 'Mi', 'Mi', 'Mi', 'Mi', 'Mi', 'Mi', 'Mi', 'Obvious Joe', 'Obvious Joe', 'Obvious Joe', 'Obvious Joe', 'Frenchie', 'Frenchie', 'Frenchie', 'Frenchie', 'Mo', 'Mo', 'Mo', 'Mo', 'Billy']",1.72,0.0,2400.58,2025-09-18 12:23:37.794000+00:00,2,0,2,0,960.0,2410.0,1600.0,810.0,0.0,2.0,2.0,1.0,,,,2
1758215530.0,0f8f649263450c258692b2c77bc0fb0d,1,['T'],1.0,0.0,193.96,2025-09-18 17:12:10.546000+00:00,0,0,0,0,270.0,0.0,200.0,-200.0,0.0,1.0,0.0,0.0,,,,0
1758218858.0,eaa3bed88c48097933150012df3e8f73,3,"['T', 'Mi', 'Mi', 'Mi', 'Mi', 'T', 'T', 'T', 'T', 'Mo']",1.5,0.0,309.58,2025-09-18 18:07:38.387000+00:00,0,0,0,0,880.0,620.0,0.0,620.0,0.0,,,,,,,1
1758218899.0,4f2fe705f62542943d31cdfdc7f3f94b,2,"['T', 'T', 'T', 'Mo', 'Mo', 'Mo', 'Mo']",1.0,2.0,294.37,2025-09-18 18:08:19.707000+00:00,0,0,0,0,20.0,380.0,0.0,380.0,0.0,,,,,,,0
1758219220.0,4f2fe705f62542943d31cdfdc7f3f94b,1,"['T', 'T', 'T', 'T']",1.0,0.83,442.7,2025-09-18 18:13:40.795000+00:00,0,0,0,0,0.0,40.0,0.0,40.0,0.0,,,,,,,0
1758219305.0,14dc8a61fa5b0fafaef6e79df39870f4,1,"['T', 'T']",2.0,0.17,221.12,2025-09-18 18:15:05.836000+00:00,0,0,0,0,450.0,0.0,0.0,0.0,0.0,,,,0.0,1.0,1.0,0
1758220548.0,e6b7338f440a427107cdcf28fe55fb62,3,"['Mr. Yogurt', 'Mi', 'Mi', 'Mi', 'Mi', 'Billy', 'Billy']",1.57,2.0,249.12,2025-09-18 18:35:48.028000+00:00,1,0,1,0,1170.0,170.0,200.0,-30.0,0.0,0.0,1.0,0.0,,,,1
1758220909.0,0f8f649263450c258692b2c77bc0fb0d,3,"['T', 'T', 'T', 'T', 'T', 'T', 'T', 'Mi', 'Mi', 'Mi', 'Mi', 'T', 'T', 'T', 'T', 'Mo', 'Mo', 'Mo', 'Mo', 'T', 'T', 'T', 'T']",1.52,0.56,1002.66,2025-09-18 18:41:49.846000+00:00,0,0,0,0,0.0,1210.0,0.0,1210.0,0.0,,,,7.0,1.0,1.0,1
1758224044.0,2c47397152df7cf520f26b3e2bd289d9,2,"['Crystal Raw', 'Crystal Raw', 'Crystal Raw', 'Crystal Raw', 'Obvious Joe', 'Obvious Joe', 'Obvious Joe', 'Obvious Joe', 'Obvious Joe']",3.11,1.0,637.83,2025-09-18 19:34:04.857000+00:00,0,0,0,0,1030.0,340.0,2000.0,-1660.0,1.0,,,,,,,0
1758228026.0,5f84f13d37dad04639af109c15e21f17,2,"['T', 'T', 'T', 'T', 'T', 'T', 'Mi', 'Mi', 'Mi', 'Mi']",1.4,0.54,849.66,2025-09-18 20:40:26.034000+00:00,0,0,0,0,550.0,260.0,0.0,260.0,0.0,,,,1.0,1.0,2.0,0
1758251793.0,744a37f98b8975b7993e38979ae329da,1,"['T', 'T', 'T', 'T', 'T', 'T', 'T']",1.43,1.0,1947.45,2025-09-19 03:16:33.168000+00:00,0,0,0,0,850.0,110.0,0.0,110.0,0.0,,,,0.0,2.0,1.0,0
1758260705.0,744a37f98b8975b7993e38979ae329da,1,['T'],2.0,0.52,95.04,2025-09-19 05:45:05.026000+00:00,0,0,0,0,530.0,0.0,0.0,0.0,0.0,,,,0.0,1.0,0.0,0
1758262134.0,14dc8a61fa5b0fafaef6e79df39870f4,1,['T'],2.0,0.5,203.54,2025-09-19 06:08:54.130000+00:00,0,0,0,0,450.0,0.0,0.0,0.0,0.0,,,,0.0,1.0,0.0,0
1758262259.0,4f2fe705f62542943d31cdfdc7f3f94b,3,"['T', 'Mi', 'Mi', 'Mi', 'Mi', 'T', 'T', 'T', 'T', 'Mo', 'Mo', 'Mo', 'Mo']",1.0,0.5,1462.23,2025-09-19 06:10:59.561000+00:00,0,0,0,0,40.0,310.0,200.0,110.0,0.0,,,,,,,1
1758263193.0,6b7bfe13725352467ae11e02235f3a6c,2,"['Mo', 'Mo', 'T', 'T']",1.0,0.09,1162.84,2025-09-19 06:26:33.216000+00:00,0,0,0,0,200.0,30.0,200.0,-170.0,0.0,1.0,0.0,0.0,,,,0
1758263228.0,6e4f632b8ff65452b5b431366cb5137d,3,"['T', 'T', 'Mi', 'Mi', 'Mi', 'Mi', 'T', 'T', 'T', 'T', 'Mo', 'Mo', 'Mo', 'Mo', 'T', 'T', 'T', 'T', 'T', 'T', 'T', 'T']",2.45,1.18,857.9,2025-09-19 06:27:08.230000+00:00,0,0,0,0,250.0,910.0,3100.0,-2190.0,1.0,0.0,1.0,0.0,7.0,0.0,0.0,1
1758264145.0,a8e9aa3492e6a8e39382c4af63a2966a,3,"['Mi', 'Mi', 'Mi', 'Mi', 'T', 'T', 'T', 'T', 'Mo', 'Mo', 'Mo', 'Mo', 'T', 'T', 'T', 'T', 'T', 'T', 'T', 'T', 'Mi', 'Mi', 'Mi', 'Mi', 'T']",1.72,0.0,781.73,2025-09-19 06:42:25.116000+00:00,0,0,0,0,650.0,850.0,300.0,550.0,0.0,,,,,,,1
1758267041.0,5448559ae43135df0a1f2e23ebe82661,3,"['T', 'T', 'T', 'Mi', 'Mi', 'Mi', 'Mi', 'T', 'T', 'T', 'T', 'Mo']",1.0,0.49,1194.47,2025-09-19 07:30:41.286000+00:00,0,0,0,0,40.0,260.0,200.0,60.0,0.0,,,,,,,1
1758276534.0,4cc78993f8236585546a9f6aeffa0d13,1,['T'],1.0,0.6,1069.05,2025-09-19 10:08:54.115000+00:00,0,0,0,0,0.0,0.0,0.0,0.0,0.0,,,,,,,0
1758279437.0,4cc78993f8236585546a9f6aeffa0d13,2,"['T', 'T', 'T', 'Mi', 'Mi', 'Mi', 'Mi', 'T', 'T', 'T', 'T']",1.0,0.0,4227.61,2025-09-19 10:57:17.883000+00:00,0,0,0,0,0.0,340.0,200.0,140.0,0.0,,,,,,,0
1758279643.0,2c47397152df7cf520f26b3e2bd289d9,3,"['Obvious Joe', 'Obvious Joe', 'Obvious Joe', 'Obvious Joe', 'Obvious Joe', 'Crystal Raw', 'Crystal Raw', 'Crystal Raw', 'Crystal Raw', 'Billy', 'Billy', 'Billy', 'Billy', 'Billy', 'Billy', 'Billy', 'Billy']",3.06,0.67,903.66,2025-09-19 11:00:43.266000+00:00,0,0,0,0,0.0,1010.0,0.0,1010.0,0.0,,,,,,,1
1758283695.0,4cc78993f8236585546a9f6aeffa0d13,3,"['T', 'T', 'T', 'T', 'Mi', 'Mi', 'Mi', 'Mi', 'T', 'T', 'T', 'T', 'Mo', 'Mo', 'Mo', 'Mo']",1.0,0.0,2205.15,2025-09-19 12:08:15.228000+00:00,0,0,0,0,0.0,660.0,200.0,460.0,0.0,,,,,,,1
1758284518.0,823633d925e6b92a4da9de5ee9787a51,6,"['Billy', 'Billy', 'Billy', 'Billy', 'Frenchie', 'Frenchie', 'Frenchie', 'Frenchie', 'Frenchie', 'Frenchie', 'Frenchie', 'Frenchie', 'Crystal Raw', 'Crystal Raw', 'Crystal Raw', 'Crystal Raw', 'Mo', 'Mo', 'Mo', 'Mo', 'C Jay', 'C Jay', 'C Jay', 'C Jay', 'Obvious Joe', 'Obvious Joe', 'Obvious Joe', 'Obvious Joe', 'Crystal Raw', 'Crystal Raw', 'Crystal Raw', 'Crystal Raw', 'Crystal Raw', 'Crystal Raw', 'Crystal Raw', 'Crystal Raw', 'Frenchie', 'Frenchie', 'Frenchie']",1.49,1.0,1440.82,2025-09-19 12:21:58.270000+00:00,1,0,1,0,6640.0,1800.0,600.0,1200.0,0.0,2.0,0.0,1.0,2.0,0.0,0.0,2
1758300855.0,744a37f98b8975b7993e38979ae329da,2,"['T', 'T', 'T', 'Mi', 'Mi', 'Mi']",1.5,1.42,801.44,2025-09-19 16:54:15.365000+00:00,0,0,0,0,530.0,110.0,0.0,110.0,0.0,,,,1.0,3.0,2.0,0
1758306612.0,0f8f649263450c258692b2c77bc0fb0d,3,"['T', 'T', 'T', 'T', 'T', 'Mi', 'Mi', 'Mi', 'Mi', 'T', 'T', 'T', 'T', 'Mo', 'Mo', 'Mo']",2.06,0.0,2294.19,2025-09-19 18:30:12.146000+00:00,0,0,0,0,1580.0,1230.0,500.0,730.0,0.0,0.0,1.0,0.0,14.0,0.0,0.0,1
1758309029.0,744a37f98b8975b7993e38979ae329da,3,"['Mi', 'Mi', 'T', 'T', 'T', 'T', 'Mo']",1.57,0.5,1355.05,2025-09-19 19:10:29.066000+00:00,0,0,0,0,640.0,150.0,0.0,150.0,0.0,,,,2.0,2.0,9.0,1
1758309227.0,4cc78993f8236585546a9f6aeffa0d13,2,"['T', 'T', 'T', 'T', 'T', 'T', 'T', 'T', 'Mi', 'Mi', 'Mi']",1.36,1.33,6354.97,2025-09-19 19:13:47.412000+00:00,0,0,0,0,460.0,550.0,200.0,350.0,0.0,1.0,0.0,0.0,1.0,1.0,1.0,0
1758309380.0,e6b7338f440a427107cdcf28fe55fb62,2,"['Billy', 'Billy', 'Billy', 'Crystal Raw', 'Crystal Raw', 'Crystal Raw', 'Crystal Raw', 'Billy', 'Billy']",1.0,0.12,413.77,2025-09-19 19:16:20.525000+00:00,1,0,1,0,1240.0,170.0,200.0,-30.0,0.0,0.0,1.0,0.0,,,,0
1758310119.0,2c47397152df7cf520f26b3e2bd289d9,5,"['Billy', 'Frenchie', 'Frenchie', 'Frenchie', 'Frenchie', 'Frenchie', 'Frenchie', 'Frenchie', 'Frenchie', 'Mi', 'Mi', 'Mi', 'Mi', 'Crystal Raw', 'Crystal Raw', 'Crystal Raw', 'Crystal Raw', 'Billy', 'Billy', 'Billy', 'Billy', 'Mi', 'Mi', 'Mi', 'Mi', 'Mi', 'Mi', 'Mi', 'Mi', 'Frenchie', 'Frenchie', 'Frenchie', 'Frenchie', 'Mi', 'Mi', 'Mi', 'Mi', 'Mr. Yogurt', 'Mr. Yogurt', 'Mr. Yogurt', 'Mr. Yogurt', 'Mr. Yogurt', 'Mr. Yogurt', 'Mr. Yogurt', 'Mr. Yogurt', 'Frenchie', 'Frenchie', 'Frenchie', 'Frenchie', 'Mi', 'Mi', 'Mi', 'Mi', 'Mr. Yogurt']",2.54,0.15,2865.99,2025-09-19 19:28:39.367000+00:00,1,0,1,0,380.0,2100.0,200.0,1900.0,0.0,1.0,0.0,0.0,,,,1
1758342809.0,744a37f98b8975b7993e38979ae329da,1,"['Mo', 'Mo']",1.0,1.83,203.5,2025-09-20 04:33:29.758000+00:00,0,0,0,0,790.0,20.0,0.0,20.0,0.0,,,,1.0,0.0,1.0,0
1758349196.0,6b7bfe13725352467ae11e02235f3a6c,2,"['T', 'T', 'T', 'T', 'T', 'T', 'T', 'Mi', 'Mi']",1.44,0.78,3248.05,2025-09-20 06:19:56.206000+00:00,0,0,0,0,330.0,240.0,0.0,240.0,0.0,,,,1.0,1.0,1.0,0
1758355872.0,a8e9aa3492e6a8e39382c4af63a2966a,2,"['T', 'T', 'T', 'T', 'Mo', 'Mo', 'Mo', 'Mo', 'T', 'T', 'T', 'T', 'T']",2.46,0.0,858.36,2025-09-20 08:11:12.544000+00:00,0,0,0,0,1500.0,360.0,2200.0,-1840.0,1.0,0.0,1.0,0.0,0.0,0.0,1.0,0
1758355950.0,5448559ae43135df0a1f2e23ebe82661,2,"['Mo', 'Mo', 'Mo', 'Mo', 'T', 'T', 'T', 'T', 'T']",1.11,0.1,1032.88,2025-09-20 08:12:30.957000+00:00,0,0,0,0,80.0,380.0,200.0,180.0,0.0,1.0,0.0,0.0,0.0,0.0,1.0,0
1758359154.0,4cc78993f8236585546a9f6aeffa0d13,3,"['Mi', 'Mi', 'T', 'T', 'T', 'T', 'Mo', 'Mo', 'Mo', 'Mo', 'T', 'T', 'T', 'T', 'T', 'T', 'T', 'T', 'Mi', 'Mi', 'Mi', 'Mi', 'T', 'T', 'T', 'T', 'Mo']",1.89,0.73,5347.24,2025-09-20 09:05:54.736000+00:00,0,0,0,0,1110.0,1530.0,800.0,730.0,0.0,0.0,1.0,0.0,,,,1
1758360794.0,744a37f98b8975b7993e38979ae329da,1,['Mo'],1.0,1.36,195.58,2025-09-20 09:33:14.564000+00:00,0,0,0,0,810.0,0.0,0.0,0.0,0.0,,,,0.0,1.0,1.0,0
1758368275.0,2c47397152df7cf520f26b3e2bd289d9,2,"['Mr. Yogurt', 'Mr. Yogurt', 'Mr. Yogurt', 'Mr. Yogurt', 'Billy', 'Billy', 'Billy', 'Billy', 'Mr. Yogurt', 'Mr. Yogurt', 'Mr. Yogurt', 'Mr. Yogurt']",2.33,0.1,3203.11,2025-09-20 11:37:55.535000+00:00,1,0,1,0,2480.0,410.0,200.0,210.0,0.0,0.0,1.0,0.0,,,,0
1758368930.0,823633d925e6b92a4da9de5ee9787a51,5,"['Frenchie', 'Frenchie', 'Frenchie', 'Mr. Yogurt', 'Mr. Yogurt', 'Mr. Yogurt', 'Mr. Yogurt', 'Obvious Joe', 'Obvious Joe', 'Obvious Joe', 'Obvious Joe', 'Crystal Raw', 'Crystal Raw', 'Crystal Raw', 'Crystal Raw', 'Mi', 'Mi', 'Mi', 'Mi', 'Obvious Joe', 'Obvious Joe', 'Obvious Joe', 'Obvious Joe', 'Obvious Joe']",1.83,1.2,702.95,2025-09-20 11:48:50.751000+00:00,1,0,1,0,4070.0,720.0,1500.0,-780.0,0.0,,,,,,,1
1758369825.0,4cc78993f8236585546a9f6aeffa0d13,1,['Mo'],1.0,0.71,64.39,2025-09-20 12:03:45.515000+00:00,0,0,0,0,0.0,50.0,0.0,50.0,0.0,,,,,,,0
1758373039.0,4cc78993f8236585546a9f6aeffa0d13,3,"['Mo', 'Mo', 'T', 'T', 'T', 'T', 'T', 'T', 'T', 'T', 'T', 'T', 'T', 'T', 'T', 'T', 'C Jay', 'C Jay', 'C Jay', 'C Jay']",2.9,0.07,3327.98,2025-09-20 12:57:19.564000+00:00,0,0,0,0,0.0,1150.0,2000.0,-850.0,1.0,,,,,,,1
1758382717.0,744a37f98b8975b7993e38979ae329da,3,"['Mo', 'Mo', 'Mo', 'T', 'T', 'T', 'T', 'T', 'T', 'T', 'T', 'Mi', 'Mi', 'Mi', 'Mi', 'Mi', 'Mi']",1.71,1.25,5115.5,2025-09-20 15:38:37.024000+00:00,0,0,0,0,6510.0,330.0,0.0,330.0,0.0,,,,0.0,0.0,5.0,1
1758391519.0,744a37f98b8975b7993e38979ae329da,1,['Mi'],1.0,0.17,41.08,2025-09-20 18:05:19.769000+00:00,0,0,0,0,1140.0,0.0,0.0,0.0,0.0,,,,,,,0
1758394722.0,2c47397152df7cf520f26b3e2bd289d9,2,"['Mr. Yogurt', 'Mr. Yogurt', 'Mr. Yogurt', 'Mr. Yogurt', 'Mr. Yogurt', 'Obvious Joe', 'Obvious Joe', 'Obvious Joe', 'Obvious Joe', 'Obvious Joe', 'Mr. Yogurt', 'Mr. Yogurt', 'Mr. Yogurt', 'Mr. Yogurt']",3.29,0.71,765.82,2025-09-20 18:58:42.592000+00:00,0,0,0,0,2640.0,490.0,200.0,290.0,0.0,1.0,0.0,0.0,,,,0
1758397694.0,0f8f649263450c258692b2c77bc0fb0d,4,"['Mo', 'Mo', 'T', 'T', 'T', 'T', 'T', 'T', 'T', 'T', 'T', 'T', 'T', 'T', 'T', 'T', 'Obvious Joe', 'Obvious Joe', 'Obvious Joe', 'Obvious Joe', 'Frenchie']",2.81,0.81,920.88,2025-09-20 19:48:14.375000+00:00,0,0,0,0,2610.0,1170.0,2200.0,-1030.0,0.0,0.0,0.0,1.0,17.0,0.0,0.0,1
1758402760.0,5f84f13d37dad04639af109c15e21f17,1,['Mi'],1.0,1.2,38.05,2025-09-20 21:12:40.427000+00:00,0,0,0,0,810.0,0.0,0.0,0.0,0.0,,,,,,,0
1758405744.0,2c47397152df7cf520f26b3e2bd289d9,5,"['Mr. Yogurt', 'Mr. Yogurt', 'Mr. Yogurt', 'Mr. Yogurt', 'Lady Dodo', 'Lady Dodo', 'Lady Dodo', 'Lady Dodo', 'Why Margaret', 'Why Margaret', 'Why Margaret', 'Why Margaret', 'Big A', 'Big A', 'Big A', 'Big A', 'Sue Doluni', 'Sue Doluni', 'Sue Doluni', 'Sue Doluni', 'Big A']",1.38,0.91,943.93,2025-09-20 22:02:24.117000+00:00,0,0,0,0,2930.0,610.0,600.0,10.0,0.0,1.0,1.0,1.0,,,,1
1758433694.0,e6b7338f440a427107cdcf28fe55fb62,3,"['Billy', 'Billy', 'Billy', 'C Jay', 'C Jay', 'C Jay', 'C Jay', 'Billy', 'Billy', 'Billy', 'Billy', 'Mi', 'Mi', 'Mi', 'Mi']",1.27,1.06,490.44,2025-09-21 05:48:14.268000+00:00,1,0,1,0,1310.0,400.0,600.0,-200.0,0.0,1.0,0.0,2.0,,,,1
1758441029.0,6e4f632b8ff65452b5b431366cb5137d,5,"['T', 'T', 'T', 'T', 'T', 'T', 'T', 'Mi', 'Mi', 'Mi', 'Mi', 'Mi', 'Mi', 'Mi', 'Mi', 'Crystal Raw', 'Crystal Raw', 'Crystal Raw', 'Crystal Raw', 'Frenchie', 'Frenchie', 'Frenchie', 'Frenchie', 'C Jay', 'C Jay', 'C Jay', 'C Jay']",1.93,0.25,1437.4,2025-09-21 07:50:29.471000+00:00,0,0,0,0,130.0,1570.0,1300.0,270.0,0.0,1.0,0.0,1.0,25.0,0.0,0.0,1
1758441525.0,6b7bfe13725352467ae11e02235f3a6c,2,"['Mi', 'Mi', 'Mi', 'T', 'T']",1.4,0.25,1762.44,2025-09-21 07:58:45.532000+00:00,0,0,0,0,570.0,30.0,0.0,30.0,0.0,,,,,,,0
1758443455.0,5448559ae43135df0a1f2e23ebe82661,3,"['T', 'T', 'T', 'T', 'Mi', 'Mi', 'Mi', 'Mi', 'T', 'T', 'T', 'T', 'Mo']",1.62,0.0,1375.6,2025-09-21 08:30:55.867000+00:00,0,0,0,0,560.0,600.0,0.0,600.0,0.0,,,,2.0,7.0,3.0,1
1758451389.0,a8e9aa3492e6a8e39382c4af63a2966a,2,"['T', 'T', 'T', 'T', 'T', 'T', 'T', 'T', 'T', 'T', 'Mr. Yogurt', 'Mr. Yogurt', 'Mr. Yogurt', 'Mr. Yogurt']",3.14,0.69,717.96,2025-09-21 10:43:09.079000+00:00,0,0,0,0,370.0,330.0,0.0,330.0,0.0,,,,,,,0
1758452474.0,4cc78993f8236585546a9f6aeffa0d13,1,['C Jay'],1.0,1.12,52.03,2025-09-21 11:01:14.190000+00:00,1,1,0,0,1340.0,0.0,0.0,0.0,0.0,,,,,,,0
1758455530.0,744a37f98b8975b7993e38979ae329da,1,"['Mi', 'Mi', 'Mi', 'Mi']",1.0,0.77,2971.69,2025-09-21 11:52:10.273000+00:00,0,0,0,0,4560.0,0.0,0.0,0.0,0.0,,,,,,,0
1758455748.0,823633d925e6b92a4da9de5ee9787a51,7,"['Obvious Joe', 'Obvious Joe', 'Obvious Joe', 'Obvious Joe', 'Mr. Yogurt', 'Mr. Yogurt', 'Mr. Yogurt', 'Mr. Yogurt', 'Mr. Yogurt', 'Mr. Yogurt', 'Mr. Yogurt', 'Mr. Yogurt', 'Crystal Raw', 'Crystal Raw', 'Crystal Raw', 'Crystal Raw', 'Crystal Raw', 'Crystal Raw', 'Crystal Raw', 'Crystal Raw', 'Mr. Yogurt', 'Mr. Yogurt', 'Mr. Yogurt', 'Mr. Yogurt', 'Obvious Joe', 'Obvious Joe', 'Obvious Joe', 'Obvious Joe', 'Frenchie', 'Frenchie', 'Frenchie', 'Frenchie', 'Frenchie', 'Frenchie', 'Frenchie', 'Frenchie', 'Mr. Yogurt', 'Mr. Yogurt', 'Mr. Yogurt', 'Mr. Yogurt', 'Mi', 'Mi', 'Mi', 'Mi', 'Frenchie', 'Frenchie', 'Frenchie', 'Frenchie', 'Obvious Joe', 'Obvious Joe', 'Obvious Joe', 'Obvious Joe', 'Obvious Joe', 'Obvious Joe', 'Obvious Joe', 'Obvious Joe', 'C Jay', 'C Jay', 'C Jay', 'C Jay', 'Frenchie', 'Frenchie', 'Frenchie', 'Frenchie', 'Obvious Joe', 'Obvious Joe', 'Obvious Joe', 'Obvious Joe', 'Crystal Raw', 'Crystal Raw', 'Crystal Raw', 'Crystal Raw', 'Obvious Joe', 'Obvious Joe', 'Obvious Joe', 'Obvious Joe', 'Obvious Joe', 'Obvious Joe', 'Obvious Joe', 'Obvious Joe', 'Obvious Joe', 'Crystal Raw', 'Crystal Raw', 'Crystal Raw', 'Crystal Raw', 'C Jay', 'C Jay', 'C Jay', 'C Jay', 'C Jay', 'C Jay', 'C Jay', 'C Jay', 'Billy', 'Billy', 'Billy', 'Billy', 'Billy']",2.51,0.88,2810.59,2025-09-21 11:55:48.943000+00:00,1,0,1,0,3490.0,4890.0,4000.0,890.0,0.0,1.0,1.0,3.0,1.0,0.0,0.0,2
1758467039.0,2c47397152df7cf520f26b3e2bd289d9,5,"['Big A', 'Big A', 'Big A', 'Big A', 'C Jay', 'C Jay', 'C Jay', 'C Jay', 'C Jay', 'C Jay', 'C Jay', 'C Jay', 'Sue Doluni', 'Sue Doluni', 'Sue Doluni', 'Sue Doluni', 'Why Margaret', 'Why Margaret', 'Why Margaret', 'Why Margaret', 'C Jay', 'C Jay', 'C Jay', 'C Jay', 'Almira Lotus', 'Almira Lotus', 'Almira Lotus', 'Almira Lotus', 'C Jay', 'C Jay', 'C Jay']",1.84,1.11,1170.11,2025-09-21 15:03:59.391000+00:00,1,0,1,0,3040.0,1050.0,200.0,850.0,0.0,0.0,0.0,1.0,,,,1
1758471987.0,2c47397152df7cf520f26b3e2bd289d9,2,"['C Jay', 'C Jay', 'C Jay', 'C Jay', 'C Jay', 'C Jay', 'C Jay', 'Why Margaret', 'Why Margaret', 'Why Margaret', 'Why Margaret']",2.73,0.89,436.97,2025-09-21 16:26:27.017000+00:00,0,0,0,0,3890.0,260.0,2000.0,-1740.0,0.0,,,,,,,0
1758474346.0,744a37f98b8975b7993e38979ae329da,1,['Mi'],1.0,0.14,119.34,2025-09-21 17:05:46.704000+00:00,0,0,0,0,1140.0,0.0,0.0,0.0,0.0,,,,,,,0
1758490470.0,2c47397152df7cf520f26b3e2bd289d9,5,"['Almira Lotus', 'Almira Lotus', 'Almira Lotus', 'Almira Lotus', 'Sue Doluni', 'Sue Doluni', 'Sue Doluni', 'Sue Doluni', 'Big A', 'Big A', 'Big A', 'Big A', 'Almira Lotus', 'Almira Lotus', 'Almira Lotus', 'Almira Lotus', 'Lady Dodo', 'Lady Dodo', 'Lady Dodo', 'Lady Dodo', 'Sue Doluni', 'Sue Doluni', 'Sue Doluni', 'Sue Doluni', 'Sue Doluni', 'Sue Doluni', 'Sue Doluni', 'Sue Doluni', 'C Jay', 'C Jay', 'C Jay', 'C Jay']",1.5,0.5,1071.47,2025-09-21 21:34:30.682000+00:00,0,0,0,0,2150.0,760.0,200.0,560.0,0.0,0.0,0.0,1.0,,,,1
1758491223.0,0f8f649263450c258692b2c77bc0fb0d,3,"['Frenchie', 'Frenchie', 'Frenchie', 'Frenchie', 'C Jay', 'C Jay', 'C Jay', 'C Jay', 'Billy', 'Billy', 'Billy', 'Billy']",1.0,0.43,336.16,2025-09-21 21:47:03.467000+00:00,0,0,0,0,1580.0,600.0,200.0,400.0,0.0,1.0,0.0,0.0,2.0,0.0,0.0,1
1758517596.0,744a37f98b8975b7993e38979ae329da,1,['Mi'],1.0,1.25,44.3,2025-09-22 05:06:36.460000+00:00,0,0,0,0,1140.0,0.0,0.0,0.0,0.0,,,,,,,0
1758518133.0,5448559ae43135df0a1f2e23ebe82661,2,"['Mo', 'Mo', 'Mo', 'Mo', 'T', 'T', 'T', 'T']",1.5,0.61,687.24,2025-09-22 05:15:33.690000+00:00,0,0,0,0,1160.0,300.0,0.0,300.0,0.0,,,,1.0,6.0,0.0,0
1758526926.0,6b7bfe13725352467ae11e02235f3a6c,2,"['T', 'T', 'T', 'Mo', 'Mo']",1.6,0.75,1696.89,2025-09-22 07:42:06.640000+00:00,0,0,0,0,600.0,200.0,0.0,200.0,0.0,,,,1.0,0.0,0.0,0
1758533485.0,5f84f13d37dad04639af109c15e21f17,3,"['Mi', 'T', 'T', 'T', 'T', 'Mo', 'Mo', 'Mo', 'Mo', 'T', 'T', 'T', 'T', 'T']",1.71,1.0,1177.92,2025-09-22 09:31:25.724000+00:00,0,0,0,0,810.0,330.0,0.0,330.0,0.0,,,,,,,1
1758546942.0,4cc78993f8236585546a9f6aeffa0d13,1,['C Jay'],1.0,1.59,93.7,2025-09-22 13:15:42.567000+00:00,1,1,0,0,1340.0,0.0,0.0,0.0,0.0,,,,,,,0
1758552620.0,2c47397152df7cf520f26b3e2bd289d9,5,"['C Jay', 'C Jay', 'D Lion', 'D Lion', 'D Lion', 'D Lion', 'Almira Lotus', 'Almira Lotus', 'Almira Lotus', 'Almira Lotus', 'Almira Lotus', 'Almira Lotus', 'Almira Lotus', 'Almira Lotus', 'Lady Dodo', 'Lady Dodo', 'Lady Dodo', 'Lady Dodo', 'Sue Doluni', 'Sue Doluni', 'Sue Doluni', 'Sue Doluni', 'Almira Lotus', 'Almira Lotus', 'Almira Lotus', 'Almira Lotus', 'D Lion', 'D Lion', 'D Lion', 'D Lion', 'Almira Lotus', 'Almira Lotus', 'Almira Lotus']",1.64,0.71,1440.9,2025-09-22 14:50:20.933000+00:00,1,0,1,0,2710.0,960.0,200.0,760.0,0.0,1.0,0.0,0.0,,,,1
1758558981.0,823633d925e6b92a4da9de5ee9787a51,6,"['Billy', 'Billy', 'Billy', 'Billy', 'C Jay', 'C Jay', 'C Jay', 'C Jay', 'Obvious Joe', 'Obvious Joe', 'Obvious Joe', 'Obvious Joe', 'Obvious Joe', 'C Jay', 'C Jay', 'C Jay', 'C Jay', 'C Jay', 'C Jay', 'C Jay', 'C Jay', 'Billy', 'Billy', 'Billy', 'Billy', 'C Jay', 'C Jay', 'C Jay', 'C Jay', 'Billy', 'Billy', 'Billy', 'Billy', 'Billy', 'Billy', 'Billy', 'Billy', 'C Jay', 'C Jay', 'C Jay', 'C Jay', 'C Jay', 'C Jay', 'C Jay', 'C Jay', 'C Jay', 'Billy', 'Billy', 'Billy', 'Billy', 'C Jay', 'C Jay', 'C Jay', 'C Jay', 'C Jay', 'Almira Lotus', 'Almira Lotus', 'Almira Lotus', 'Almira Lotus', 'Why Margaret', 'Why Margaret', 'Why Margaret', 'Why Margaret', 'D Lion', 'D Lion', 'D Lion', 'D Lion', 'Almira Lotus', 'Almira Lotus', 'Almira Lotus', 'Almira Lotus', 'Billy', 'Billy', 'Billy', 'Billy']",2.51,1.7,1991.7,2025-09-22 16:36:21.882000+00:00,1,0,1,0,5480.0,3170.0,4300.0,-1130.0,0.0,2.0,2.0,3.0,,,,2
1758563242.0,a8e9aa3492e6a8e39382c4af63a2966a,4,"['Mr. Yogurt', 'Crystal Raw', 'Crystal Raw', 'Crystal Raw', 'Crystal Raw', 'Frenchie', 'Frenchie', 'Frenchie', 'Frenchie', 'Mo', 'Mo', 'Mo', 'Mo', 'Mo', 'Mo', 'Mo', 'Mo']",1.24,0.0,823.38,2025-09-22 17:47:22.891000+00:00,1,0,1,0,370.0,460.0,600.0,-140.0,0.0,1.0,1.0,1.0,,,,1
1758564207.0,744a37f98b8975b7993e38979ae329da,1,['Mi'],1.0,0.3,27.59,2025-09-22 18:03:27.212000+00:00,0,0,0,0,1140.0,0.0,0.0,0.0,0.0,,,,,,,0
1758574468.0,2c47397152df7cf520f26b3e2bd289d9,5,"['Almira Lotus', 'Almira Lotus', 'Almira Lotus', 'Almira Lotus', 'Almira Lotus', 'Almira Lotus', 'Why Margaret', 'Why Margaret', 'Why Margaret', 'Why Margaret', 'Why Margaret', 'Why Margaret', 'Why Margaret', 'Why Margaret', 'D Lion', 'D Lion', 'D Lion', 'D Lion', 'Why Margaret', 'Why Margaret', 'Why Margaret', 'Why Margaret', 'Sue Doluni', 'Sue Doluni', 'Sue Doluni', 'Sue Doluni', 'Sue Doluni', 'Sue Doluni', 'Sue Doluni', 'Sue Doluni', 'D Lion', 'D Lion', 'D Lion', 'D Lion', 'D Lion', 'D Lion', 'D Lion', 'D Lion', 'Lady Dodo']",1.87,0.76,1554.71,2025-09-22 20:54:28.986000+00:00,0,0,0,0,3470.0,1600.0,0.0,1600.0,0.0,,,,,,,1
1758605422.0,e6b7338f440a427107cdcf28fe55fb62,3,"['Mi', 'Mi', 'Mi', 'Mi', 'Mi', 'Obvious Joe', 'Obvious Joe', 'Obvious Joe', 'Obvious Joe', 'Mr. Yogurt']",1.9,0.81,372.3,2025-09-23 05:30:22.513000+00:00,1,0,1,0,1410.0,550.0,200.0,350.0,0.0,0.0,1.0,0.0,,,,1
1758606273.0,5448559ae43135df0a1f2e23ebe82661,3,"['T', 'T', 'T', 'T', 'T', 'Mi', 'Mi', 'Mi', 'Mi', 'T', 'T', 'T', 'T', 'Mo', 'Mo']",2.13,1.71,759.73,2025-09-23 05:44:33.949000+00:00,0,0,0,0,1460.0,1080.0,2500.0,-1420.0,0.0,0.0,1.0,0.0,13.0,1.0,0.0,1
1758609543.0,744a37f98b8975b7993e38979ae329da,1,['Mi'],1.0,0.34,34.05,2025-09-23 06:39:03.346000+00:00,0,0,0,0,1140.0,0.0,0.0,0.0,0.0,,,,,,,0
1758609713.0,a8e9aa3492e6a8e39382c4af63a2966a,2,"['Mr. Yogurt', 'Mr. Yogurt', 'Mr. Yogurt', 'Mr. Yogurt', 'Mi']",1.0,0.5,135.59,2025-09-23 06:41:53.182000+00:00,1,0,1,0,930.0,70.0,0.0,70.0,0.0,,,,,,,0
1758621050.0,6b7bfe13725352467ae11e02235f3a6c,3,"['Mo', 'Mo', 'Mo', 'T', 'T', 'T', 'T', 'T', 'T', 'T', 'T', 'Mi', 'Mi', 'Mi', 'Mi', 'Mi']",1.75,1.29,1506.58,2025-09-23 09:50:50.351000+00:00,0,0,0,0,1950.0,650.0,300.0,350.0,0.0,,,,6.0,0.0,0.0,1
1758626941.0,2c47397152df7cf520f26b3e2bd289d9,2,"['Lady Dodo', 'Lady Dodo', 'Lady Dodo', 'Lady Dodo', 'Lady Dodo', 'Lady Dodo', 'Lady Dodo', 'Lady Dodo', 'Sue Doluni', 'Sue Doluni', 'Sue Doluni', 'Sue Doluni']",2.0,1.0,1375.54,2025-09-23 11:29:01.951000+00:00,1,0,1,0,5270.0,410.0,200.0,210.0,0.0,,,,,,,0
1758630102.0,823633d925e6b92a4da9de5ee9787a51,7,"['Billy', 'Lady Dodo', 'Lady Dodo', 'Lady Dodo', 'Lady Dodo', 'Big A', 'Big A', 'Big A', 'Big A', 'Lady Dodo', 'Lady Dodo', 'Lady Dodo', 'Lady Dodo', 'Big A', 'D Lion', 'D Lion', 'D Lion', 'D Lion', 'Sue Doluni', 'Sue Doluni', 'Sue Doluni', 'Sue Doluni', 'Almira Lotus', 'Almira Lotus', 'Almira Lotus', 'Almira Lotus', 'Big A', 'Big A', 'Big A', 'Sue Doluni', 'Sue Doluni', 'Sue Doluni', 'Sue Doluni', 'Lady Dodo', 'Lady Dodo', 'Lady Dodo', 'Lady Dodo', 'Why Margaret', 'Why Margaret', 'Why Margaret', 'Why Margaret', 'D Lion', 'D Lion', 'D Lion', 'D Lion', 'Sue Doluni', 'Sue Doluni', 'Sue Doluni', 'Sue Doluni', 'Why Margaret', 'Why Margaret', 'Why Margaret', 'Why Margaret', 'Big A', 'Big A', 'Big A', 'Big A', 'Sue Doluni', 'Sue Doluni', 'Sue Doluni', 'Sue Doluni', 'Sue Doluni']",1.05,2.0,1487.02,2025-09-23 12:21:42.503000+00:00,1,0,1,0,5250.0,1250.0,1700.0,-450.0,0.0,1.0,0.0,0.0,,,,2
1758630264.0,4cc78993f8236585546a9f6aeffa0d13,1,['C Jay'],1.0,1.0,64.99,2025-09-23 12:24:24.097000+00:00,1,0,1,0,1340.0,0.0,400.0,-400.0,0.0,0.0,1.0,1.0,,,,0
1758631539.0,0f8f649263450c258692b2c77bc0fb0d,1,"['Mo', 'Mo', 'Mo', 'Mo']",1.0,1.27,331.54,2025-09-23 12:45:39.836000+00:00,1,0,1,0,1980.0,70.0,0.0,70.0,0.0,,,,,,,0
1758637073.0,4cc78993f8236585546a9f6aeffa0d13,1,['C Jay'],1.0,0.0,37.5,2025-09-23 14:17:53.764000+00:00,0,0,0,0,1340.0,90.0,0.0,90.0,0.0,,,,,,,0
1758639594.0,2c47397152df7cf520f26b3e2bd289d9,3,"['Sue Doluni', 'Sue Doluni', 'Sue Doluni', 'Sue Doluni', 'Big A', 'Big A', 'Big A', 'Big A', 'Big A', 'Big A', 'Big A', 'Big A', 'Why Margaret', 'Why Margaret', 'Why Margaret', 'Why Margaret', 'Why Margaret']",2.06,0.58,591.35,2025-09-23 14:59:54.592000+00:00,0,0,0,0,5480.0,680.0,0.0,680.0,0.0,,,,,,,1
1758643666.0,744a37f98b8975b7993e38979ae329da,1,['Mi'],1.0,0.0,72.05,2025-09-23 16:07:46.212000+00:00,0,0,0,0,1140.0,0.0,0.0,0.0,0.0,,,,,,,0
1758643912.0,5f84f13d37dad04639af109c15e21f17,2,"['T', 'T', 'T', 'T', 'Mi', 'Mi', 'Mi', 'Mi']",2.0,0.62,606.58,2025-09-23 16:11:52.911000+00:00,0,0,0,0,1140.0,240.0,300.0,-60.0,0.0,,,,0.0,1.0,1.0,0
1758667877.0,2c47397152df7cf520f26b3e2bd289d9,3,"['Why Margaret', 'Why Margaret', 'Why Margaret', 'Why Margaret', 'Big A', 'Big A', 'Big A', 'Big A', 'Almira Lotus', 'Almira Lotus', 'Almira Lotus', 'Almira Lotus', 'Big A', 'Big A', 'Big A', 'Big A', 'Big A', 'Big A', 'Big A', 'Big A']",2.6,0.51,1021.51,2025-09-23 22:51:17.126000+00:00,0,0,0,0,6160.0,560.0,0.0,560.0,0.0,,,,,,,1
1758691354.0,5448559ae43135df0a1f2e23ebe82661,2,"['Mo', 'Mo', 'Mo', 'T', 'T', 'T', 'T', 'T', 'T', 'T', 'T', 'T']",2.92,1.5,785.62,2025-09-24 05:22:34.573000+00:00,0,0,0,0,340.0,1100.0,2000.0,-900.0,1.0,,,,12.0,0.0,0.0,0
1758699507.0,6e4f632b8ff65452b5b431366cb5137d,3,"['Billy', 'Billy', 'Billy', 'Billy', 'Crystal Raw', 'Crystal Raw', 'Crystal Raw', 'Crystal Raw', 'Mr. Yogurt', 'Mr. Yogurt', 'Mr. Yogurt', 'Mr. Yogurt', 'Crystal Raw', 'Crystal Raw', 'Crystal Raw', 'Crystal Raw', 'Mr. Yogurt', 'Mr. Yogurt', 'Mr. Yogurt', 'Mr. Yogurt']",1.0,0.0,564.7,2025-09-24 07:38:27.942000+00:00,1,0,1,0,400.0,960.0,600.0,360.0,0.0,1.0,0.0,2.0,10.0,0.0,0.0,1
1758701104.0,6b7bfe13725352467ae11e02235f3a6c,3,"['Mi', 'T', 'T', 'T', 'T', 'Mo', 'Mo', 'Mo', 'Mo', 'T', 'T', 'T', 'T', 'T', 'T', 'T', 'T', 'T']",2.72,0.5,3168.4,2025-09-24 08:05:04.387000+00:00,0,0,0,0,1150.0,670.0,3900.0,-3230.0,1.0,0.0,1.0,0.0,2.0,0.0,0.0,1
1758703240.0,a8e9aa3492e6a8e39382c4af63a2966a,5,"['Mi', 'Mi', 'Mi', 'Mi', 'Mi', 'Mi', 'Mi', 'Mi', 'Crystal Raw', 'Crystal Raw', 'Crystal Raw', 'Crystal Raw', 'Mi', 'Mi', 'Mi', 'Mi', 'Obvious Joe', 'Obvious Joe', 'Obvious Joe', 'Obvious Joe', 'C Jay', 'C Jay', 'C Jay', 'C Jay', 'Mo', 'Mo', 'Mo', 'Mo', 'Obvious Joe', 'Obvious Joe', 'Obvious Joe', 'Obvious Joe']",1.38,0.0,1048.28,2025-09-24 08:40:40.216000+00:00,1,0,1,0,1100.0,780.0,200.0,580.0,0.0,1.0,0.0,0.0,,,,1
1758711166.0,2c47397152df7cf520f26b3e2bd289d9,5,"['Why Margaret', 'Why Margaret', 'Why Margaret', 'Why Margaret', 'D Lion', 'D Lion', 'D Lion', 'D Lion', 'Almira Lotus', 'Almira Lotus', 'Almira Lotus', 'Almira Lotus', 'Lady Dodo', 'Lady Dodo', 'Lady Dodo', 'Lady Dodo', 'Big A', 'Big A', 'Big A', 'Big A', 'Why Margaret', 'Why Margaret']",2.64,0.0,1044.15,2025-09-24 10:52:46.407000+00:00,1,0,1,0,6720.0,750.0,0.0,750.0,0.0,,,,,,,1
1758716776.0,823633d925e6b92a4da9de5ee9787a51,5,"['Sue Doluni', 'Sue Doluni', 'Sue Doluni', 'Sue Doluni', 'Why Margaret', 'Why Margaret', 'Why Margaret', 'Why Margaret', 'Why Margaret', 'Why Margaret', 'Why Margaret', 'Why Margaret', 'D Lion', 'D Lion', 'D Lion', 'D Lion', 'D Lion', 'D Lion', 'D Lion', 'D Lion', 'Big A', 'Big A', 'Big A', 'Big A', 'Big A', 'Big A', 'Big A', 'Big A', 'Sue Doluni', 'Sue Doluni', 'Sue Doluni', 'Sue Doluni', 'D Lion', 'D Lion', 'D Lion', 'D Lion', 'Lady Dodo', 'Lady Dodo', 'Lady Dodo', 'Lady Dodo', 'Lady Dodo', 'Lady Dodo', 'Lady Dodo', 'Lady Dodo', 'Why Margaret', 'Why Margaret', 'Why Margaret', 'Why Margaret', 'D Lion', 'D Lion', 'D Lion', 'D Lion', 'D Lion', 'D Lion', 'D Lion', 'D Lion', 'Sue Doluni', 'Sue Doluni', 'Sue Doluni', 'Sue Doluni', 'Sue Doluni', 'Sue Doluni', 'Sue Doluni', 'Sue Doluni', 'D Lion', 'D Lion', 'D Lion', 'D Lion', 'Big A', 'Big A', 'Big A']",1.94,0.1,2178.15,2025-09-24 12:26:16.528000+00:00,1,0,1,0,5400.0,4450.0,1100.0,3350.0,0.0,1.0,2.0,1.0,33.0,1.0,0.0,1
1758729020.0,744a37f98b8975b7993e38979ae329da,1,['Mi'],1.0,0.55,33.38,2025-09-24 15:50:20.565000+00:00,0,0,0,0,1140.0,0.0,0.0,0.0,0.0,,,,,,,0
1758737032.0,5f84f13d37dad04639af109c15e21f17,2,"['Mi', 'T', 'T']",2.33,0.33,2296.87,2025-09-24 18:03:52.184000+00:00,0,0,0,0,1080.0,80.0,0.0,80.0,0.0,,,,,,,0
1758740602.0,2c47397152df7cf520f26b3e2bd289d9,2,"['Why Margaret', 'Why Margaret', 'Why Margaret', 'D Lion', 'D Lion', 'D Lion', 'D Lion', 'D Lion']",2.5,1.0,721.19,2025-09-24 19:03:22.445000+00:00,0,0,0,0,7470.0,480.0,0.0,480.0,0.0,,,,,,,0
1758742957.0,744a37f98b8975b7993e38979ae329da,1,['Mi'],1.0,1.29,49.02,2025-09-24 19:42:37.740000+00:00,0,0,0,0,1140.0,0.0,0.0,0.0,0.0,,,,,,,0
1758744216.0,2c47397152df7cf520f26b3e2bd289d9,1,['D Lion'],3.0,0.5,24.31,2025-09-24 20:03:36.184000+00:00,0,0,0,0,0.0,60.0,0.0,60.0,0.0,,,,,,,0
1758751969.0,5f84f13d37dad04639af109c15e21f17,1,"['T', 'T', 'T']",3.0,0.5,102.67,2025-09-24 22:12:49.957000+00:00,0,0,0,0,1460.0,90.0,0.0,90.0,0.0,,,,,,,0
1758759467.0,2c47397152df7cf520f26b3e2bd289d9,3,"['D Lion', 'D Lion', 'D Lion', 'Big A', 'Big A', 'Big A', 'Big A', 'Lady Dodo', 'Lady Dodo', 'Lady Dodo', 'Lady Dodo']",2.64,0.47,362.31,2025-09-25 00:17:47.823000+00:00,1,0,1,0,8010.0,330.0,0.0,330.0,0.0,,,,,,,1
1758774606.0,5f84f13d37dad04639af109c15e21f17,1,['Mo'],1.0,1.0,,2025-09-25 04:30:06.118000+00:00,0,0,0,0,0.0,0.0,0.0,0.0,0.0,,,,,,,0
1758779409.0,5448559ae43135df0a1f2e23ebe82661,3,"['T', 'T', 'T', 'T', 'T', 'Mi', 'Mi', 'Mi', 'Mi', 'Mi', 'Mi', 'Mi', 'Mi', 'Mr. Yogurt']",2.36,0.31,682.91,2025-09-25 05:50:09.456000+00:00,0,0,0,0,360.0,710.0,0.0,710.0,0.0,,,,13.0,0.0,0.0,1
1758792700.0,a8e9aa3492e6a8e39382c4af63a2966a,3,"['Frenchie', 'Frenchie', 'Frenchie', 'Frenchie', 'Billy', 'Billy', 'Billy', 'Billy', 'Mi', 'Mi', 'Mi', 'Mi']",1.33,1.55,556.75,2025-09-25 09:31:40.436000+00:00,1,0,1,0,1680.0,350.0,200.0,150.0,0.0,1.0,0.0,0.0,,,,1
1758794542.0,6b7bfe13725352467ae11e02235f3a6c,1,"['T', 'T']",4.0,0.42,1022.29,2025-09-25 10:02:22.725000+00:00,0,0,0,0,400.0,160.0,0.0,160.0,0.0,,,,,,,0
1758801468.0,e6b7338f440a427107cdcf28fe55fb62,3,"['Mr. Yogurt', 'Mr. Yogurt', 'Mr. Yogurt', 'Mr. Yogurt', 'C Jay', 'C Jay', 'C Jay', 'C Jay', 'Frenchie']",1.0,0.11,462.97,2025-09-25 11:57:48.895000+00:00,1,0,1,0,1760.0,400.0,400.0,0.0,0.0,0.0,1.0,1.0,,,,1
1758802341.0,823633d925e6b92a4da9de5ee9787a51,6,"['Big A', 'Big A', 'Why Margaret', 'Why Margaret', 'Why Margaret', 'Why Margaret', 'Why Margaret', 'Why Margaret', 'Why Margaret', 'Why Margaret', 'Almira Lotus', 'Almira Lotus', 'Almira Lotus', 'Almira Lotus', 'Almira Lotus', 'Almira Lotus', 'Almira Lotus', 'Almira Lotus', 'Lady Dodo', 'Lady Dodo', 'Lady Dodo', 'Lady Dodo', 'D Lion', 'D Lion', 'D Lion', 'D Lion', 'D Lion', 'D Lion', 'D Lion', 'D Lion', 'D Lion', 'Sue Doluni', 'Sue Doluni', 'Sue Doluni', 'Sue Doluni', 'Almira Lotus', 'Almira Lotus', 'Almira Lotus', 'Almira Lotus', 'Why Margaret', 'Why Margaret', 'Why Margaret', 'Why Margaret', 'D Lion', 'D Lion', 'D Lion', 'D Lion', 'D Lion', 'Almira Lotus', 'Almira Lotus', 'Almira Lotus', 'Almira Lotus', 'Almira Lotus', 'Almira Lotus', 'Almira Lotus', 'Almira Lotus', 'Sue Doluni']",2.65,2.5,1603.15,2025-09-25 12:12:21.080000+00:00,1,0,1,0,9950.0,3080.0,4800.0,-1720.0,0.0,1.0,0.0,1.0,12.0,0.0,0.0,2
1758803770.0,2c47397152df7cf520f26b3e2bd289d9,1,"['Lady Dodo', 'Lady Dodo']",2.5,0.5,208.91,2025-09-25 12:36:10.015000+00:00,0,0,0,0,8340.0,70.0,0.0,70.0,0.0,,,,,,,0
1758814116.0,14dc8a61fa5b0fafaef6e79df39870f4,1,['T'],2.0,0.0,259.13,2025-09-25 15:28:36.475000+00:00,0,0,0,0,450.0,0.0,0.0,0.0,0.0,,,,0.0,1.0,0.0,0
1758823241.0,6e4f632b8ff65452b5b431366cb5137d,1,"['Crystal Raw', 'Crystal Raw']",1.0,0.5,1299.99,2025-09-25 18:00:41.435000+00:00,1,0,1,0,1560.0,20.0,0.0,20.0,0.0,,,,,,,0
1758836206.0,2c47397152df7cf520f26b3e2bd289d9,1,"['Lady Dodo', 'Lady Dodo', 'Lady Dodo']",3.0,0.35,275.36,2025-09-25 21:36:46.908000+00:00,0,0,0,0,8410.0,30.0,0.0,30.0,0.0,,,,0.0,0.0,1.0,0
1758864616.0,5448559ae43135df0a1f2e23ebe82661,3,"['Mr. Yogurt', 'Mr. Yogurt', 'Mr. Yogurt', 'Mr. Yogurt', 'C Jay', 'C Jay', 'C Jay', 'C Jay', 'Mo', 'Mo', 'Mo', 'Mo', 'Mo', 'Mo', 'Mo', 'Mo', 'Mr. Yogurt', 'Mr. Yogurt', 'Mr. Yogurt', 'Mr. Yogurt']",1.2,0.67,724.93,2025-09-26 05:30:16.065000+00:00,1,0,1,0,1070.0,1090.0,0.0,1090.0,0.0,,,,19.0,0.0,1.0,1
1758864741.0,4cc78993f8236585546a9f6aeffa0d13,1,"['Mr. Yogurt', 'Mr. Yogurt', 'Mr. Yogurt']",1.0,0.25,1086.05,2025-09-26 05:32:21.686000+00:00,1,0,1,0,2910.0,50.0,200.0,-150.0,0.0,0.0,1.0,0.0,,,,0
1758869587.0,4cc78993f8236585546a9f6aeffa0d13,3,"['T', 'T', 'T', 'T', 'Mi', 'Mi', 'Mi', 'Mi', 'T', 'T', 'T', 'T', 'Mo', 'Mo', 'Mo', 'Mo', 'T', 'T', 'T', 'T', 'T', 'T', 'T', 'T', 'Mi', 'Mi', 'Mi', 'Mi', 'T']",1.17,0.17,2765.24,2025-09-26 06:53:07.152000+00:00,0,0,0,0,0.0,1260.0,400.0,860.0,0.0,1.0,0.0,0.0,1.0,1.0,1.0,1
1758872385.0,4cc78993f8236585546a9f6aeffa0d13,6,"['T', 'T', 'T', 'T', 'Mi', 'Mi', 'Mi', 'Mi', 'T', 'T', 'T', 'T', 'Mo', 'Mo', 'Mo', 'Mo', 'T', 'T', 'T', 'T', 'T', 'T', 'T', 'T', 'Mi', 'Mi', 'Mi', 'Mi', 'T', 'T', 'T', 'T', 'Mo', 'Mo', 'Mo', 'Mo', 'T', 'T', 'T', 'T', 'T', 'T', 'T', 'T', 'Mi', 'Mi', 'Mi', 'Mi', 'T', 'T', 'T', 'T', 'Mo', 'Mo', 'Mo', 'Mo', 'T', 'T', 'T', 'T', 'T', 'T', 'T', 'T', 'T', 'T', 'T', 'T', 'T', 'T', 'Billy', 'Billy', 'Billy', 'Billy', 'Billy', 'Billy', 'Billy', 'Billy', 'Mo', 'Mo', 'Mo', 'Mo', 'Mo', 'Mo', 'Mo', 'Mo', 'Obvious Joe', 'Obvious Joe', 'Obvious Joe', 'Obvious Joe', 'C Jay', 'C Jay', 'C Jay', 'C Jay', 'Obvious Joe', 'Obvious Joe', 'Obvious Joe', 'Obvious Joe', 'Mo', 'Mo', 'Mo', 'Mo', 'Obvious Joe']",1.72,0.88,5881.91,2025-09-26 07:39:45.765000+00:00,0,0,0,0,0.0,3570.0,4900.0,-1330.0,1.0,1.0,1.0,0.0,1.0,1.0,1.0,2
1758872481.0,6e4f632b8ff65452b5b431366cb5137d,1,"['Crystal Raw', 'Crystal Raw', 'Crystal Raw']",1.0,0.6,1021.83,2025-09-26 07:41:21.037000+00:00,1,0,1,0,1580.0,140.0,400.0,-260.0,0.0,0.0,1.0,1.0,1.0,0.0,0.0,0
1758878995.0,6b7bfe13725352467ae11e02235f3a6c,1,['T'],4.0,1.05,982.84,2025-09-26 09:29:55.758000+00:00,0,0,0,0,280.0,0.0,0.0,0.0,0.0,,,,,,,0
1758879626.0,5f84f13d37dad04639af109c15e21f17,2,"['Mo', 'Mo', 'Mo', 'Mo', 'T', 'T', 'T', 'T']",2.0,1.03,365.96,2025-09-26 09:40:26.030000+00:00,0,0,0,0,1550.0,360.0,2200.0,-1840.0,1.0,0.0,1.0,0.0,1.0,0.0,0.0,0
1758879757.0,a8e9aa3492e6a8e39382c4af63a2966a,2,"['Mi', 'Mi', 'Mi', 'Mi', 'Mi', 'Mr. Yogurt', 'Mr. Yogurt']",2.29,2.0,398.51,2025-09-26 09:42:37.276000+00:00,2,0,2,0,1780.0,190.0,200.0,-10.0,0.0,0.0,1.0,0.0,,,,0
1758884233.0,9a55b37b89a7b7603611bb46e95e7bc8,1,['Mo'],1.0,0.85,40.24,2025-09-26 10:57:13.939000+00:00,0,0,0,0,1500.0,0.0,0.0,0.0,0.0,,,,,,,0
1758884492.0,2a3591f1afac4431e7bff0d8a69034ec,1,['Mo'],1.0,0.61,33.33,2025-09-26 11:01:32.792000+00:00,0,0,0,0,1500.0,0.0,0.0,0.0,0.0,,,,,,,0
1758884743.0,ad82750cb2e104672a54016fb32a52c8,2,"['Mo', 'Mo', 'Mo', 'Mo', 'T', 'T']",1.33,0.0,166.66,2025-09-26 11:05:43.689000+00:00,0,0,0,0,3080.0,80.0,0.0,80.0,0.0,,,,,,,0
1758887652.0,823633d925e6b92a4da9de5ee9787a51,4,"['Sue Doluni', 'Sue Doluni', 'Sue Doluni', 'Sue Doluni', 'Big A', 'Big A', 'Big A', 'Big A', 'Big A', 'Big A', 'Big A', 'Big A', 'Why Margaret', 'Why Margaret', 'Why Margaret', 'Why Margaret', 'Lady Dodo', 'Lady Dodo', 'Lady Dodo', 'Lady Dodo']",2.6,0.5,765.07,2025-09-26 11:54:12.997000+00:00,1,0,1,0,8730.0,1510.0,400.0,1110.0,0.0,2.0,0.0,0.0,,,,1
1758890319.0,823633d925e6b92a4da9de5ee9787a51,4,"['Lady Dodo', 'Lady Dodo', 'Lady Dodo', 'Lady Dodo', 'Lady Dodo', 'Almira Lotus', 'Almira Lotus', 'Almira Lotus', 'Almira Lotus', 'Lady Dodo', 'Lady Dodo', 'Lady Dodo', 'Lady Dodo', 'Almira Lotus', 'Almira Lotus', 'Almira Lotus', 'Almira Lotus', 'Big A', 'Big A', 'Big A', 'Big A', 'Lady Dodo', 'Lady Dodo', 'Lady Dodo', 'Lady Dodo', 'Lady Dodo', 'Lady Dodo', 'Lady Dodo', 'Lady Dodo', 'Lady Dodo', 'Big A', 'Big A', 'Big A', 'Big A', 'The Rock']",3.06,0.6,1052.91,2025-09-26 12:38:39.749000+00:00,0,0,0,0,9990.0,2510.0,4000.0,-1490.0,0.0,0.0,1.0,0.0,11.0,0.0,0.0,1
1758894792.0,6e4f632b8ff65452b5b431366cb5137d,1,['Crystal Raw'],1.0,0.7,341.76,2025-09-26 13:53:12.693000+00:00,0,0,0,0,1670.0,50.0,0.0,50.0,0.0,,,,,,,0
1758898174.0,6e4f632b8ff65452b5b431366cb5137d,3,"['Crystal Raw', 'Crystal Raw', 'Crystal Raw', 'Crystal Raw', 'Mo', 'Mo', 'Mo', 'Mo', 'Mo', 'Mo', 'Mo', 'Mo', 'C Jay', 'C Jay', 'C Jay', 'C Jay']",1.5,0.52,488.25,2025-09-26 14:49:34.138000+00:00,0,0,0,0,0.0,950.0,1000.0,-50.0,0.0,0.0,1.0,0.0,6.0,0.0,1.0,1
1758898406.0,2c47397152df7cf520f26b3e2bd289d9,2,"['Lady Dodo', 'Lady Dodo', 'D Lion', 'D Lion', 'D Lion', 'D Lion', 'Lady Dodo', 'Lady Dodo', 'Lady Dodo', 'Lady Dodo', 'D Lion', 'D Lion']",3.0,0.95,499.55,2025-09-26 14:53:26.647000+00:00,1,1,0,0,8440.0,370.0,200.0,170.0,0.0,1.0,0.0,0.0,,,,0
1758904135.0,e6b7338f440a427107cdcf28fe55fb62,1,"['Frenchie', 'Frenchie']",1.0,0.0,206.46,2025-09-26 16:28:55.731000+00:00,2,2,0,0,4520.0,0.0,0.0,0.0,0.0,,,,,,,0
1758908594.0,6e4f632b8ff65452b5b431366cb5137d,4,"['Obvious Joe', 'Obvious Joe', 'Obvious Joe', 'Obvious Joe', 'C Jay', 'C Jay', 'C Jay', 'C Jay', 'Frenchie', 'Frenchie', 'Frenchie', 'Frenchie', 'C Jay', 'C Jay', 'C Jay', 'C Jay', 'C Jay', 'C Jay', 'C Jay', 'C Jay', 'Crystal Raw', 'Crystal Raw', 'Crystal Raw', 'Crystal Raw']",1.33,0.45,568.34,2025-09-26 17:43:14.301000+00:00,0,0,0,0,1670.0,1090.0,2600.0,-1510.0,0.0,0.0,1.0,0.0,13.0,0.0,0.0,1
1758911824.0,0f8f649263450c258692b2c77bc0fb0d,4,"['Mo', 'Mo', 'Mo', 'Mo', 'Mo', 'Billy', 'Billy', 'Billy', 'Billy', 'Frenchie', 'Frenchie', 'Frenchie', 'Frenchie', 'Obvious Joe', 'Obvious Joe', 'Obvious Joe', 'Obvious Joe', 'Billy', 'Billy']",1.21,0.57,1045.51,2025-09-26 18:37:04.446000+00:00,1,0,1,0,2050.0,1010.0,3000.0,-1990.0,0.0,0.0,1.0,0.0,14.0,0.0,0.0,1
1758923656.0,2c47397152df7cf520f26b3e2bd289d9,1,"['D Lion', 'D Lion', 'D Lion']",3.0,1.29,307.79,2025-09-26 21:54:16.878000+00:00,1,1,0,0,8610.0,20.0,0.0,20.0,0.0,,,,,,,0
1758950565.0,e6b7338f440a427107cdcf28fe55fb62,2,"['Frenchie', 'Frenchie', 'Frenchie', 'Frenchie', 'Mo', 'Mo', 'Mo', 'Mo']",1.0,0.0,843.77,2025-09-27 05:22:45.183000+00:00,1,0,1,0,2260.0,160.0,0.0,160.0,0.0,,,,,,,0
1758957676.0,5448559ae43135df0a1f2e23ebe82661,2,"['Obvious Joe', 'Obvious Joe', 'Obvious Joe', 'Obvious Joe', 'Billy', 'Billy', 'Billy', 'Billy']",1.0,0.67,733.32,2025-09-27 07:21:16.880000+00:00,1,0,1,0,2160.0,500.0,0.0,500.0,0.0,,,,7.0,1.0,3.0,0
1758961039.0,823633d925e6b92a4da9de5ee9787a51,4,"['The Rock', 'The Rock', 'The Rock', 'The Rock', 'Lady Dodo', 'Lady Dodo', 'Lady Dodo', 'Lady Dodo', 'Lady Dodo', 'Maydenis', 'Maydenis', 'Maydenis', 'Maydenis', 'The Rock', 'The Rock', 'The Rock', 'The Rock', 'A Turtle', 'A Turtle', 'A Turtle']",1.75,1.0,526.13,2025-09-27 08:17:19.707000+00:00,1,0,1,0,9000.0,570.0,0.0,570.0,0.0,,,,,,,1
1758964024.0,6b7bfe13725352467ae11e02235f3a6c,1,['T'],4.0,1.1,675.83,2025-09-27 09:07:04.303000+00:00,0,0,0,0,280.0,0.0,0.0,0.0,0.0,,,,,,,0
1758969083.0,823633d925e6b92a4da9de5ee9787a51,6,"['A Turtle', 'A Turtle', 'Aisha', 'Aisha', 'Aisha', 'Aisha', 'Mustafa', 'Mustafa', 'Mustafa', 'Mustafa', 'Army', 'Army', 'Army', 'Army', 'Maydenis', 'Maydenis', 'Maydenis', 'Maydenis', 'The Rock', 'The Rock']",1.0,0.78,862.88,2025-09-27 10:31:23.476000+00:00,0,0,0,0,9670.0,1180.0,800.0,380.0,0.0,0.0,2.0,2.0,,,,2
1758971640.0,5448559ae43135df0a1f2e23ebe82661,1,['Frenchie'],1.0,0.5,39.17,2025-09-27 11:14:00.214000+00:00,0,0,0,0,2660.0,0.0,0.0,0.0,0.0,,,,,,,0
1759002669.0,2c47397152df7cf520f26b3e2bd289d9,7,"['D Lion', 'D Lion', 'D Lion', 'D Lion', 'D Lion', 'D Lion', 'Lady Dodo', 'Lady Dodo', 'Lady Dodo', 'Lady Dodo', 'Lady Dodo', 'Lady Dodo', 'Lady Dodo', 'Lady Dodo', 'Lady Dodo', 'D Lion', 'D Lion', 'D Lion', 'D Lion', 'D Lion', 'Aisha', 'Aisha', 'Aisha', 'Aisha', 'The Rock', 'The Rock', 'The Rock', 'The Rock', 'Aisha', 'Aisha', 'Aisha', 'Aisha', 'The Rock', 'The Rock', 'The Rock', 'The Rock', 'Army', 'Army', 'Army', 'Army', 'Lady Dodo', 'Lady Dodo', 'Lady Dodo', 'Lady Dodo', 'Lady Dodo', 'Army', 'Army', 'Army', 'Army', 'The Rock', 'The Rock', 'The Rock', 'The Rock', 'Maydenis', 'Maydenis', 'Maydenis', 'Maydenis', 'Mustafa', 'Mustafa', 'Mustafa', 'Mustafa', 'Aisha', 'Aisha', 'Aisha', 'Aisha']",2.08,0.0,2197.17,2025-09-27 19:51:09.520000+00:00,0,0,0,0,8630.0,1570.0,4600.0,-3030.0,0.0,3.0,0.0,0.0,,,,2
1759039520.0,744a37f98b8975b7993e38979ae329da,1,"['Mi', 'Mi']",1.0,0.5,149.05,2025-09-28 06:05:20.612000+00:00,0,0,0,0,2280.0,0.0,0.0,0.0,0.0,,,,,,,0
1759050161.0,4cc78993f8236585546a9f6aeffa0d13,1,"['Obvious Joe', 'Obvious Joe', 'Obvious Joe', 'Obvious Joe']",1.0,0.0,689.2,2025-09-28 09:02:41.002000+00:00,1,0,1,0,810.0,260.0,400.0,-140.0,0.0,1.0,1.0,0.0,,,,0
1759051892.0,5448559ae43135df0a1f2e23ebe82661,4,"['Frenchie', 'Frenchie', 'Frenchie', 'Frenchie', 'Crystal Raw', 'Crystal Raw', 'Crystal Raw', 'Crystal Raw', 'Mr. Yogurt', 'Mr. Yogurt', 'Mr. Yogurt', 'Mr. Yogurt', 'Obvious Joe']",1.0,0.0,1097.52,2025-09-28 09:31:32.167000+00:00,1,0,1,0,2660.0,470.0,200.0,270.0,0.0,1.0,0.0,0.0,7.0,3.0,1.0,1
1759056293.0,5f84f13d37dad04639af109c15e21f17,1,['T'],3.0,0.0,24.0,2025-09-28 10:44:53.989000+00:00,0,0,0,0,0.0,0.0,0.0,0.0,0.0,,,,,,,0
1759057555.0,2c47397152df7cf520f26b3e2bd289d9,6,"['Aisha', 'Mustafa', 'Mustafa', 'Mustafa', 'Mustafa', 'The Rock', 'The Rock', 'The Rock', 'The Rock', 'The Rock', 'The Rock', 'The Rock', 'The Rock', 'Army', 'Army', 'Army', 'Army', 'The Rock', 'The Rock', 'The Rock', 'The Rock', 'A Turtle', 'A Turtle', 'A Turtle', 'A Turtle', 'The Rock', 'The Rock', 'The Rock', 'The Rock', 'The Rock', 'The Rock', 'The Rock', 'The Rock', 'Mustafa', 'Mustafa', 'Mustafa', 'Mustafa', 'Army', 'Army', 'Army', 'Army', 'Army', 'Army', 'Army', 'Army', 'Maydenis', 'Maydenis', 'Maydenis', 'Maydenis', 'Aisha']",1.48,0.0,1889.37,2025-09-28 11:05:55.701000+00:00,1,1,0,0,5600.0,1850.0,600.0,1250.0,0.0,0.0,3.0,0.0,,,,2
1759060249.0,823633d925e6b92a4da9de5ee9787a51,4,"['The Rock', 'The Rock', 'The Rock', 'Aisha', 'Aisha', 'Aisha', 'Aisha', 'Army', 'Army', 'Army', 'Army', 'Maydenis', 'Maydenis', 'Maydenis', 'Maydenis']",1.0,0.0,882.2,2025-09-28 11:50:49.344000+00:00,1,0,1,0,10650.0,510.0,200.0,310.0,0.0,0.0,1.0,0.0,,,,1
1759087923.0,2c47397152df7cf520f26b3e2bd289d9,6,"['Aisha', 'Aisha', 'Aisha', 'Aisha', 'Aisha', 'Aisha', 'Aisha', 'Aisha', 'Mustafa', 'Mustafa', 'Mustafa', 'Mustafa', 'Mustafa', 'Mustafa', 'Mustafa', 'Mustafa', 'A Turtle', 'A Turtle', 'A Turtle', 'A Turtle', 'The Rock', 'The Rock', 'The Rock', 'The Rock', 'A Turtle', 'A Turtle', 'A Turtle', 'A Turtle', 'Army', 'Army', 'Army', 'Army', 'Mustafa', 'Mustafa', 'Mustafa', 'Mustafa', 'The Rock', 'The Rock', 'The Rock', 'The Rock', 'Army', 'Army', 'Army', 'Army', 'Army', 'Army', 'Army', 'Army', 'Aisha', 'Aisha', 'Aisha', 'Aisha', 'Army', 'Army', 'Army', 'Army', 'Maydenis', 'Maydenis', 'Maydenis', 'Maydenis', 'A Turtle']",1.92,0.4,2004.79,2025-09-28 19:32:03.901000+00:00,1,0,1,0,6850.0,1870.0,600.0,1270.0,0.0,2.0,0.0,1.0,,,,2
1759097799.0,2c47397152df7cf520f26b3e2bd289d9,5,"['A Turtle', 'A Turtle', 'A Turtle', 'A Turtle', 'A Turtle', 'A Turtle', 'A Turtle', 'A Turtle', 'Maydenis', 'Maydenis', 'Maydenis', 'Maydenis', 'Maydenis', 'Maydenis', 'Maydenis', 'Maydenis', 'Aisha', 'Aisha', 'Aisha', 'Aisha', 'Aisha', 'Aisha', 'Aisha', 'Aisha', 'Maydenis', 'Maydenis', 'Maydenis', 'Maydenis', 'A Turtle', 'A Turtle', 'A Turtle', 'A Turtle', 'Aisha', 'Aisha', 'Aisha', 'Aisha', 'Mustafa', 'Mustafa', 'Mustafa', 'Mustafa', 'Mustafa', 'Mustafa', 'Mustafa', 'Mustafa', 'Maydenis', 'Maydenis', 'Maydenis', 'Maydenis', 'Maydenis', 'Maydenis', 'Maydenis', 'Maydenis', 'Army', 'Army', 'Army', 'Army', 'Army', 'Army', 'Army', 'Army', 'Army', 'Mustafa', 'Mustafa', 'Mustafa', 'Mustafa', 'Army']",2.42,0.0,2265.54,2025-09-28 22:16:39.155000+00:00,0,0,0,0,8120.0,2590.0,2800.0,-210.0,0.0,2.0,1.0,1.0,,,,1
1759131521.0,14dc8a61fa5b0fafaef6e79df39870f4,1,"['T', 'T']",2.0,1.0,607.17,2025-09-29 07:38:41.736000+00:00,0,0,0,0,450.0,10.0,0.0,10.0,0.0,,,,1.0,1.0,1.0,0
1759131569.0,0661893fa34e5ba524a7eaeb47e68fe7,1,['T'],1.0,0.64,172.79,2025-09-29 07:39:29.305000+00:00,0,0,0,0,0.0,0.0,0.0,0.0,0.0,,,,,,,0
1759144551.0,2c47397152df7cf520f26b3e2bd289d9,9,"['Army', 'Army', 'Army', 'Army', 'Army', 'A Turtle', 'A Turtle', 'A Turtle', 'A Turtle', 'A Turtle', 'A Turtle', 'A Turtle', 'A Turtle', 'Maydenis', 'Maydenis', 'Maydenis', 'Maydenis', 'A Turtle', 'A Turtle', 'A Turtle', 'A Turtle', 'Maydenis', 'Maydenis', 'Maydenis', 'Maydenis', 'Aisha', 'Aisha', 'Aisha', 'Aisha', 'A Turtle', 'A Turtle', 'A Turtle', 'A Turtle', 'Tracy', 'Tracy', 'Tracy', 'Tracy', 'Little A', 'Little A', 'Little A', 'Little A', 'Sinnct', 'Sinnct', 'Sinnct', 'Sinnct', 'ER John', 'ER John', 'ER John', 'ER John', 'Mustafa', 'Mustafa', 'Mustafa', 'Mustafa', 'Mustafa', 'Mustafa', 'Mustafa', 'Mustafa', 'Mustafa', 'Little A', 'Little A', 'Little A', 'Little A', 'Sinnct']",2.43,0.0,2194.14,2025-09-29 11:15:51.744000+00:00,1,0,1,0,7910.0,2420.0,2200.0,220.0,0.0,0.0,0.0,1.0,,,,3
1759148284.0,823633d925e6b92a4da9de5ee9787a51,6,"['Maydenis', 'Mustafa', 'Mustafa', 'Mustafa', 'Mustafa', 'Maydenis', 'Maydenis', 'Maydenis', 'Maydenis', 'Maydenis', 'Maydenis', 'Maydenis', 'Maydenis', 'A Turtle', 'A Turtle', 'A Turtle', 'A Turtle', 'Maydenis', 'Maydenis', 'Maydenis', 'Maydenis', 'Mustafa', 'Mustafa', 'Mustafa', 'Mustafa', 'Army', 'Army', 'Army', 'Army', 'The Rock', 'The Rock', 'The Rock', 'The Rock', 'The Rock', 'The Rock', 'The Rock', 'The Rock', 'Army', 'Army', 'Army', 'Army', 'Army', 'Army', 'Army', 'Army', 'A Turtle', 'A Turtle', 'A Turtle', 'A Turtle', 'Mustafa', 'Mustafa', 'Mustafa', 'Mustafa', 'Mustafa', 'Mustafa', 'Mustafa', 'Mustafa', 'Maydenis', 'Maydenis', 'Maydenis', 'Maydenis', 'Maydenis', 'Maydenis', 'Maydenis', 'Maydenis', 'Army', 'Army', 'Army', 'Army', 'Aisha', 'Aisha']",1.51,1.0,2333.4,2025-09-29 12:18:04.139000+00:00,1,0,1,0,11260.0,2790.0,4300.0,-1510.0,0.0,2.0,2.0,1.0,10.0,0.0,0.0,2
1759154361.0,5448559ae43135df0a1f2e23ebe82661,4,"['Obvious Joe', 'Obvious Joe', 'Obvious Joe', 'Obvious Joe', 'Mo', 'Mo', 'Mo', 'Mo', 'Crystal Raw', 'Crystal Raw', 'Crystal Raw', 'Crystal Raw', 'Billy', 'Billy']",1.29,0.42,711.91,2025-09-29 13:59:21.910000+00:00,1,0,1,0,3330.0,820.0,200.0,620.0,0.0,1.0,0.0,0.0,13.0,0.0,0.0,1
1759162881.0,4cc78993f8236585546a9f6aeffa0d13,1,"['Billy', 'Billy', 'Billy', 'Billy']",1.0,0.25,391.48,2025-09-29 16:21:21.090000+00:00,1,1,0,0,1070.0,80.0,300.0,-220.0,0.0,,,,,,,0
1759164341.0,14dc8a61fa5b0fafaef6e79df39870f4,1,['T'],2.0,0.71,163.25,2025-09-29 16:45:41.505000+00:00,0,0,0,0,460.0,0.0,0.0,0.0,0.0,,,,2.0,0.0,0.0,0
1759166626.0,a8e9aa3492e6a8e39382c4af63a2966a,4,"['Mr. Yogurt', 'Mr. Yogurt', 'Mr. Yogurt', 'C Jay', 'C Jay', 'C Jay', 'C Jay', 'Mr. Yogurt', 'Mr. Yogurt', 'Mr. Yogurt', 'Mr. Yogurt', 'Mr. Yogurt', 'Mr. Yogurt', 'Mr. Yogurt', 'Mr. Yogurt', 'Billy', 'Billy', 'Billy', 'Billy', 'C Jay', 'C Jay', 'C Jay', 'C Jay', 'Frenchie', 'Frenchie', 'Frenchie', 'Frenchie', 'C Jay', 'C Jay', 'C Jay', 'C Jay', 'C Jay', 'C Jay', 'C Jay', 'C Jay']",1.23,0.71,1186.89,2025-09-29 17:23:46.570000+00:00,1,0,1,0,1970.0,1080.0,200.0,880.0,0.0,0.0,1.0,0.0,,,,1
1759167698.0,2c47397152df7cf520f26b3e2bd289d9,6,"['Sinnct', 'Sinnct', 'Sinnct', 'Sinnct', 'Father Gold', 'Father Gold', 'Father Gold', 'Father Gold', 'Little A', 'Little A', 'Little A', 'Little A', 'Father Gold', 'Father Gold', 'Father Gold', 'Father Gold', 'Mrs. Pearl', 'Mrs. Pearl', 'Mrs. Pearl', 'Mrs. Pearl', 'ER John', 'ER John', 'ER John', 'ER John', 'Sinnct', 'Sinnct', 'Sinnct', 'Sinnct', 'Mustafa', 'Mustafa', 'Mustafa', 'Mustafa', 'Mustafa', 'Little A', 'Little A', 'Little A', 'Little A']",1.41,0.75,988.14,2025-09-29 17:41:38.793000+00:00,0,0,0,0,8130.0,670.0,400.0,270.0,0.0,1.0,0.0,1.0,,,,2
1759208499.0,744a37f98b8975b7993e38979ae329da,1,['Mi'],1.0,0.5,41.54,2025-09-30 05:01:39.170000+00:00,0,0,0,0,1140.0,0.0,0.0,0.0,0.0,,,,,,,0
1759233414.0,823633d925e6b92a4da9de5ee9787a51,3,"['Aisha', 'Aisha', 'Aisha', 'A Turtle', 'A Turtle', 'A Turtle', 'A Turtle', 'A Turtle', 'A Turtle', 'A Turtle', 'A Turtle', 'A Turtle', 'The Rock', 'The Rock', 'The Rock', 'The Rock', 'Aisha', 'Aisha', 'Aisha', 'Aisha', 'Aisha']",1.38,0.69,807.6,2025-09-30 11:56:54.733000+00:00,1,0,1,0,34360.0,1100.0,800.0,300.0,0.0,1.0,2.0,1.0,,,,1
1759233913.0,2c47397152df7cf520f26b3e2bd289d9,1,['Little A'],1.0,1.4,356.97,2025-09-30 12:05:13.943000+00:00,1,0,1,0,8700.0,0.0,0.0,0.0,0.0,,,,,,,0
1759234151.0,4cc78993f8236585546a9f6aeffa0d13,1,"['Crystal Raw', 'Crystal Raw']",1.0,0.83,1379.41,2025-09-30 12:09:11.507000+00:00,2,2,0,0,1700.0,0.0,0.0,0.0,0.0,,,,,,,0
1759238257.0,2c47397152df7cf520f26b3e2bd289d9,5,"['Little A', 'Little A', 'Little A', 'Little A', 'Little A', 'ER John', 'ER John', 'ER John', 'ER John', 'Father Gold', 'Father Gold', 'Father Gold', 'Father Gold', 'Mrs. Pearl', 'Mrs. Pearl', 'Mrs. Pearl', 'Mrs. Pearl', 'Tracy', 'Tracy', 'Tracy', 'Tracy', 'Little A', 'Little A', 'Little A', 'Little A', 'Mrs. Pearl', 'Mrs. Pearl', 'Mrs. Pearl', 'Mrs. Pearl', 'Father Gold', 'Father Gold', 'Father Gold', 'Father Gold', 'Father Gold', 'Father Gold', 'Father Gold', 'Father Gold', 'ER John', 'ER John', 'ER John', 'ER John', 'ER John', 'ER John', 'ER John', 'ER John', 'Tracy', 'Tracy', 'Tracy', 'Tracy', 'Father Gold', 'Father Gold', 'Father Gold', 'Father Gold', 'ER John', 'ER John', 'ER John', 'ER John', 'Father Gold', 'Father Gold', 'Father Gold', 'Father Gold', 'Father Gold', 'Father Gold', 'Father Gold', 'Father Gold', 'ER John', 'ER John', 'ER John', 'ER John', 'ER John', 'ER John', 'ER John', 'ER John', 'ER John', 'Little A', 'Little A', 'Little A', 'Little A', 'Little A', 'Little A', 'Little A', 'Little A', 'ER John', 'ER John', 'ER John']",1.79,0.33,6516.49,2025-09-30 13:17:37.215000+00:00,0,0,0,0,18560.0,2390.0,6000.0,-3610.0,0.0,3.0,0.0,0.0,0.0,1.0,1.0,1
1759239546.0,14dc8a61fa5b0fafaef6e79df39870f4,1,['T'],2.0,0.86,48.53,2025-09-30 13:39:06.276000+00:00,0,0,0,0,460.0,0.0,0.0,0.0,0.0,,,,,,,0
1759242259.0,5448559ae43135df0a1f2e23ebe82661,3,"['Billy', 'Billy', 'Billy', 'Crystal Raw', 'Crystal Raw', 'Crystal Raw', 'Crystal Raw', 'Frenchie', 'Frenchie', 'Frenchie', 'Frenchie']",1.0,1.0,1095.84,2025-09-30 14:24:19.814000+00:00,1,0,1,0,4250.0,500.0,3600.0,-3100.0,0.0,,,,7.0,1.0,3.0,1
1759242491.0,5f84f13d37dad04639af109c15e21f17,2,"['T', 'T', 'T', 'T', 'T', 'T', 'T', 'T', 'T', 'T', 'T', 'Mr. Yogurt']",3.67,0.0,5214.81,2025-09-30 14:28:11.459000+00:00,0,0,0,0,0.0,450.0,0.0,450.0,0.0,,,,,,,0
1759249745.0,a8e9aa3492e6a8e39382c4af63a2966a,2,"['Obvious Joe', 'Obvious Joe', 'Obvious Joe', 'Obvious Joe', 'Billy', 'Billy', 'Billy', 'Billy', 'Billy', 'Billy']",1.0,0.0,764.62,2025-09-30 16:29:05.287000+00:00,1,0,1,0,7550.0,360.0,1400.0,-1040.0,0.0,1.0,0.0,1.0,,,,0
1759253697.0,6b7bfe13725352467ae11e02235f3a6c,1,['T'],4.0,,830.34,2025-09-30 17:34:57.969000+00:00,0,0,0,0,280.0,0.0,0.0,0.0,0.0,,,,,,,0
1759268710.0,2c47397152df7cf520f26b3e2bd289d9,6,"['ER John', 'ER John', 'Father Gold', 'Father Gold', 'Father Gold', 'Father Gold', 'Tracy', 'Tracy', 'Tracy', 'Tracy', 'Tracy', 'Tracy', 'Tracy', 'Tracy', 'Sinnct', 'Sinnct', 'Sinnct', 'Sinnct', 'Sinnct', 'Sinnct', 'Sinnct', 'Sinnct', 'ER John', 'ER John', 'ER John', 'ER John', 'ER John', 'ER John', 'ER John', 'ER John', 'ER John', 'Little A', 'Little A', 'Little A', 'Little A', 'ER John', 'ER John', 'ER John', 'ER John', 'ER John', 'Mrs. Pearl', 'Mrs. Pearl', 'Mrs. Pearl', 'Mrs. Pearl', 'Mrs. Pearl', 'Mrs. Pearl', 'Mrs. Pearl', 'Mrs. Pearl', 'Mrs. Pearl', 'Mrs. Pearl', 'Mrs. Pearl', 'Mrs. Pearl', 'Mrs. Pearl', 'Mrs. Pearl', 'Mrs. Pearl', 'Mrs. Pearl', 'Mrs. Pearl', 'Mrs. Pearl', 'Mrs. Pearl', 'Mrs. Pearl', 'Mrs. Pearl', 'Mrs. Pearl', 'Mrs. Pearl', 'Mrs. Pearl', 'Mrs. Pearl', 'Mrs. Pearl', 'Mrs. Pearl', 'Mrs. Pearl']",2.5,,3177.65,2025-09-30 21:45:10.096000+00:00,0,0,0,0,5090.0,2100.0,5200.0,-3100.0,0.0,1.0,1.0,0.0,,,,2
1759297449.0,5448559ae43135df0a1f2e23ebe82661,3,"['Frenchie', 'Crystal Raw', 'Crystal Raw', 'Crystal Raw', 'Crystal Raw', 'Crystal Raw', 'Crystal Raw', 'Crystal Raw', 'Crystal Raw', 'Mi', 'Mi', 'Mi', 'Mi']",1.62,,822.98,2025-10-01 05:44:09.110000+00:00,1,0,1,0,1250.0,970.0,800.0,170.0,0.0,,,,12.0,0.0,1.0,1
1759308227.0,6e4f632b8ff65452b5b431366cb5137d,1,"['Mr. Yogurt', 'Mr. Yogurt', 'Mr. Yogurt', 'Mr. Yogurt']",1.0,,934.48,2025-10-01 08:43:47.819000+00:00,1,0,1,0,160.0,120.0,400.0,-280.0,0.0,1.0,0.0,1.0,,,,0
1759315831.0,823633d925e6b92a4da9de5ee9787a51,1,"['Aisha', 'Aisha', 'Aisha']",1.67,,109.21,2025-10-01 10:50:31.393000+00:00,1,0,1,0,11900.0,180.0,0.0,180.0,0.0,,,,,,,0
1759319977.0,2c47397152df7cf520f26b3e2bd289d9,1,['Little A'],3.0,,529.23,2025-10-01 11:59:37.804000+00:00,1,0,1,0,1990.0,0.0,400.0,-400.0,0.0,0.0,1.0,1.0,,,,0
1759329789.0,2c47397152df7cf520f26b3e2bd289d9,1,['Little A'],3.0,,407.46,2025-10-01 14:43:09.017000+00:00,0,0,0,0,1990.0,0.0,0.0,0.0,0.0,,,,,,,0
1759340923.0,744a37f98b8975b7993e38979ae329da,1,['Mi'],1.0,,51.83,2025-10-01 17:48:43.320000+00:00,0,0,0,0,1140.0,0.0,0.0,0.0,0.0,,,,,,,0
1759342779.0,2c47397152df7cf520f26b3e2bd289d9,4,"['Little A', 'Little A', 'Little A', 'Little A', 'Tracy', 'Tracy', 'Tracy', 'Tracy', 'Tracy', 'Tracy', 'Tracy', 'Tracy', 'Tracy', 'Tracy', 'Tracy', 'Tracy', 'Tracy', 'Tracy', 'Tracy', 'Tracy', 'Tracy', 'Tracy', 'Tracy', 'Tracy', 'Father Gold', 'Father Gold', 'Father Gold', 'Father Gold', 'Sinnct', 'Sinnct', 'Sinnct', 'Sinnct', 'Sinnct', 'Sinnct', 'Sinnct', 'Sinnct', 'Sinnct', 'Sinnct', 'Sinnct', 'Sinnct', 'Sinnct', 'Sinnct', 'Sinnct', 'Sinnct', 'Sinnct', 'Sinnct', 'Sinnct', 'Sinnct', 'Sinnct', 'Sinnct', 'Sinnct', 'Sinnct', 'Sinnct', 'Sinnct', 'Sinnct', 'Sinnct', 'Sinnct', 'Sinnct']",2.9,,2403.39,2025-10-01 18:19:39.403000+00:00,0,0,0,0,1990.0,2750.0,2400.0,350.0,0.0,0.0,2.0,0.0,0.0,1.0,0.0,1
1759348299.0,6e4f632b8ff65452b5b431366cb5137d,5,"['Mr. Yogurt', 'Crystal Raw', 'Crystal Raw', 'Crystal Raw', 'Crystal Raw', 'Crystal Raw', 'Crystal Raw', 'Crystal Raw', 'Crystal Raw', 'Mi', 'Mi', 'Mi', 'Mi', 'C Jay', 'C Jay', 'C Jay', 'C Jay', 'Billy', 'Billy']",2.05,,1286.95,2025-10-01 19:51:39.057000+00:00,0,0,0,0,280.0,1270.0,1500.0,-230.0,0.0,1.0,3.0,1.0,6.0,0.0,0.0,1
1759406446.0,4cc78993f8236585546a9f6aeffa0d13,3,"['Crystal Raw', 'Crystal Raw', 'Crystal Raw', 'Crystal Raw', 'Mr. Yogurt', 'Mr. Yogurt', 'Mr. Yogurt', 'Mr. Yogurt', 'Crystal Raw', 'Crystal Raw', 'Crystal Raw', 'Crystal Raw', 'Mi']",1.0,,1063.01,2025-10-02 12:00:46.821000+00:00,1,0,1,0,850.0,550.0,200.0,350.0,0.0,0.0,0.0,1.0,,,,1
1759409297.0,4cc78993f8236585546a9f6aeffa0d13,1,"['T', 'T']",1.0,,201.71,2025-10-02 12:48:17.641000+00:00,0,0,0,0,0.0,10.0,0.0,10.0,0.0,,,,,,,0
1759409590.0,6b7bfe13725352467ae11e02235f3a6c,1,"['T', 'T', 'T', 'T', 'T']",4.0,,770.36,2025-10-02 12:53:10.051000+00:00,0,0,0,0,610.0,50.0,0.0,50.0,0.0,,,,1.0,1.0,0.0,0
1759410381.0,6b7bfe13725352467ae11e02235f3a6c,1,"['T', 'T']",1.0,,133.19,2025-10-02 13:06:21.135000+00:00,0,0,0,0,0.0,10.0,0.0,10.0,0.0,,,,,,,0
1759411764.0,5f84f13d37dad04639af109c15e21f17,1,['Mr. Yogurt'],1.0,,115.4,2025-10-02 13:29:24.355000+00:00,1,0,1,0,450.0,0.0,200.0,-200.0,0.0,0.0,1.0,0.0,,,,0
1759415466.0,4cc78993f8236585546a9f6aeffa0d13,1,"['T', 'T']",1.0,,97.06,2025-10-02 14:31:06.599000+00:00,0,0,0,0,10.0,10.0,0.0,10.0,0.0,,,,,,,0
1759422607.0,ad82750cb2e104672a54016fb32a52c8,2,"['T', 'T', 'T', 'T', 'Mi', 'Mi']",1.0,,380.61,2025-10-02 16:30:07.834000+00:00,0,0,0,0,0.0,80.0,0.0,80.0,0.0,,,,,,,0
1759426872.0,823633d925e6b92a4da9de5ee9787a51,1,['Aisha'],2.0,,128.82,2025-10-02 17:41:12.331000+00:00,1,0,1,0,12080.0,0.0,200.0,-200.0,0.0,1.0,0.0,0.0,,,,0
1759524169.0,429f72cdaf51cb448d7473b41c13d686,2,"['C Jay', 'Obvious Joe']",1.0,,318.52,2025-10-03 20:42:49.106000+00:00,1,1,0,0,1340.0,60.0,0.0,60.0,0.0,,,,,,,0
1759524896.0,ad82750cb2e104672a54016fb32a52c8,1,['Crystal Raw'],1.0,,143.82,2025-10-03 20:54:56.157000+00:00,1,1,0,0,0.0,0.0,0.0,0.0,0.0,,,,,,,0
1759527652.0,429f72cdaf51cb448d7473b41c13d686,1,['Obvious Joe'],1.0,,127.56,2025-10-03 21:40:52.872000+00:00,1,0,1,0,1400.0,0.0,0.0,0.0,0.0,,,,,,,0
1759528586.0,e6b7338f440a427107cdcf28fe55fb62,2,"['Mo', 'Mo', 'Mo', 'Mo', 'Mo', 'Mo', 'Mr. Yogurt']",1.71,,475.9,2025-10-03 21:56:26.400000+00:00,0,0,0,0,4820.0,210.0,0.0,210.0,0.0,,,,,,,0
1759557219.0,429f72cdaf51cb448d7473b41c13d686,2,"['Obvious Joe', 'Obvious Joe', 'Obvious Joe', 'Obvious Joe', 'Mi']",1.0,,647.35,2025-10-04 05:53:39.982000+00:00,1,0,1,0,1400.0,480.0,200.0,280.0,0.0,0.0,1.0,0.0,,,,0
1759562348.0,429f72cdaf51cb448d7473b41c13d686,1,['Mi'],1.0,,51.49,2025-10-04 07:19:08.957000+00:00,0,0,0,0,1880.0,0.0,0.0,0.0,0.0,,,,,,,0
1759577304.0,ad82750cb2e104672a54016fb32a52c8,1,"['Billy', 'Billy', 'Billy']",1.0,,328.74,2025-10-04 11:28:24.780000+00:00,3,3,0,0,0.0,0.0,0.0,0.0,0.0,,,,,,,0
1759582480.0,ad82750cb2e104672a54016fb32a52c8,1,['Billy'],1.0,,1681.94,2025-10-04 12:54:40.645000+00:00,1,1,0,0,0.0,0.0,0.0,0.0,0.0,,,,,,,0
1759585543.0,429f72cdaf51cb448d7473b41c13d686,1,"['Mi', 'Mi']",1.0,,2862.93,2025-10-04 13:45:43.176000+00:00,0,0,0,0,1880.0,10.0,0.0,10.0,0.0,,,,,,,0
1759587902.0,e98d6712c157ba814e5b0e2c515f9331,1,"['Crystal Raw', 'Crystal Raw', 'Crystal Raw', 'Crystal Raw']",1.0,,1858.22,2025-10-04 14:25:02.243000+00:00,4,4,0,0,0.0,0.0,0.0,0.0,0.0,,,,,,,0
1759603696.0,6eed6d79262f8bd08feae0eb64ed4490,1,['Mi'],1.0,,32.13,2025-10-02 12:39:23.473000+00:00,0,0,0,0,80.0,0.0,0.0,0.0,0.0,,,,,,,0
1759603750.0,6eed6d79262f8bd08feae0eb64ed4490,1,"['Mr. Yogurt', 'Mr. Yogurt']",1.0,,398.57,2025-10-04 18:49:10.335000+00:00,2,2,0,0,0.0,0.0,0.0,0.0,0.0,,,,,,,0
1759662331.0,429f72cdaf51cb448d7473b41c13d686,1,['Mi'],1.0,,266.91,2025-10-05 11:05:31.472000+00:00,1,0,1,0,1890.0,0.0,0.0,0.0,0.0,,,,,,,0
1759667709.0,429f72cdaf51cb448d7473b41c13d686,1,['Mi'],1.0,,614.13,2025-10-05 12:35:09.304000+00:00,0,0,0,0,1890.0,0.0,0.0,0.0,0.0,,,,,,,0
1759673254.0,429f72cdaf51cb448d7473b41c13d686,1,['Mi'],1.0,,92.27,2025-10-05 14:07:34.885000+00:00,0,0,0,0,1890.0,0.0,0.0,0.0,0.0,,,,,,,0
1759707887.0,2c47397152df7cf520f26b3e2bd289d9,7,"['Frenchie', 'Frenchie', 'Frenchie', 'Frenchie', 'T', 'T', 'T', 'T', 'T', 'T', 'T', 'T', 'Obvious Joe', 'Obvious Joe', 'Obvious Joe', 'Obvious Joe', 'Billy', 'Billy', 'Billy', 'Billy', 'C Jay', 'C Jay', 'C Jay', 'C Jay', 'Mi', 'Mi', 'Mi', 'Mi', 'Crystal Raw', 'Crystal Raw', 'Crystal Raw', 'Crystal Raw', 'T', 'T', 'T', 'T', 'T', 'T', 'T', 'T', 'Frenchie', 'Frenchie', 'Frenchie', 'Frenchie', 'Frenchie']",1.09,,1342.64,2025-10-05 23:44:47.891000+00:00,0,0,0,0,40.0,1430.0,600.0,830.0,0.0,1.0,1.0,1.0,,,,2
1759729575.0,744a37f98b8975b7993e38979ae329da,1,['Mi'],1.0,,55.51,2025-10-06 05:46:15.447000+00:00,0,0,0,0,1140.0,0.0,0.0,0.0,0.0,,,,,,,0
1759783400.0,744a37f98b8975b7993e38979ae329da,1,"['Mi', 'Mi', 'Mi']",1.0,,1020.67,2025-10-06 20:43:20.061000+00:00,0,0,0,0,1140.0,60.0,300.0,-240.0,0.0,,,,0.0,3.0,3.0,0
1759817121.0,429f72cdaf51cb448d7473b41c13d686,1,['Crystal Raw'],1.0,,65.77,2025-10-07 06:05:21.554000+00:00,1,1,0,0,0.0,0.0,0.0,0.0,0.0,,,,,,,0
1759857144.0,744a37f98b8975b7993e38979ae329da,3,"['Mi', 'Mi', 'T', 'T', 'T', 'T', 'Mo', 'Mo', 'Mo', 'Mo', 'Mo', 'T', 'T', 'T', 'T', 'T', 'T', 'T', 'T', 'T', 'T', 'T', 'T', 'T']",2.79,,1576.56,2025-10-07 17:12:24.716000+00:00,0,0,0,0,2110.0,760.0,2400.0,-1640.0,0.0,0.0,2.0,0.0,0.0,1.0,2.0,1
1759868692.0,2c47397152df7cf520f26b3e2bd289d9,3,"['Frenchie', 'Frenchie', 'Frenchie', 'Frenchie', 'Obvious Joe', 'Obvious Joe', 'Obvious Joe', 'Obvious Joe', 'Billy', 'Billy', 'Billy', 'Billy']",1.0,,331.87,2025-10-07 20:24:52.900000+00:00,1,0,1,0,870.0,1000.0,800.0,200.0,0.0,0.0,2.0,2.0,,,,1
1759870438.0,7caa2ad0e644262778f1dab62c132548,2,"['T', 'T', 'T', 'T', 'Mi']",1.0,,320.46,2025-10-07 20:53:57.901000+00:00,0,0,0,0,0.0,50.0,0.0,50.0,0.0,,,,,,,0
1759956954.0,744a37f98b8975b7993e38979ae329da,6,"['T', 'T', 'Obvious Joe', 'Obvious Joe', 'Obvious Joe', 'Obvious Joe', 'Mr. Yogurt', 'Mr. Yogurt', 'Mr. Yogurt', 'Mr. Yogurt', 'Billy', 'Billy', 'Billy', 'Billy', 'Frenchie', 'Frenchie', 'Frenchie', 'Frenchie', 'Obvious Joe', 'Obvious Joe', 'Obvious Joe', 'Obvious Joe', 'Billy', 'Billy', 'Billy', 'Billy', 'Crystal Raw', 'Crystal Raw', 'Crystal Raw', 'Crystal Raw', 'Mr. Yogurt', 'Mr. Yogurt', 'Mr. Yogurt', 'Mr. Yogurt']",1.18,,1124.74,2025-10-08 20:55:54.309000+00:00,0,0,0,0,210.0,1230.0,400.0,830.0,0.0,0.0,2.0,0.0,,,,2
1760019083.0,744a37f98b8975b7993e38979ae329da,3,"['Mi', 'Mi', 'Mi', 'Mi', 'Mi', 'Mi', 'Mi', 'Mi', 'Obvious Joe', 'Obvious Joe', 'Obvious Joe', 'Obvious Joe', 'Crystal Raw', 'Crystal Raw', 'Crystal Raw', 'Crystal Raw', 'Obvious Joe', 'Obvious Joe', 'Obvious Joe', 'Obvious Joe', 'Obvious Joe', 'Obvious Joe', 'Obvious Joe', 'Obvious Joe', 'Mi', 'Mi', 'Mi', 'Mi']",1.43,,1006.23,2025-10-09 14:11:23.030000+00:00,1,0,1,0,1040.0,1050.0,600.0,450.0,0.0,0.0,1.0,2.0,,,,1
1760108503.0,744a37f98b8975b7993e38979ae329da,1,"['Billy', 'Billy', 'Billy', 'Billy']",1.0,,148.85,2025-10-10 15:01:43.410000+00:00,1,0,1,0,1890.0,70.0,0.0,70.0,0.0,,,,,,,0
1760191307.0,2c47397152df7cf520f26b3e2bd289d9,2,"['C Jay', 'C Jay', 'C Jay', 'C Jay', 'Mr. Yogurt', 'Mr. Yogurt', 'Mr. Yogurt', 'Mr. Yogurt', 'C Jay', 'C Jay', 'C Jay', 'C Jay']",1.0,,383.88,2025-10-11 14:01:47.451000+00:00,1,0,1,0,1470.0,710.0,800.0,-90.0,0.0,2.0,2.0,0.0,,,,0
1760207089.0,744a37f98b8975b7993e38979ae329da,4,"['Billy', 'Mr. Yogurt', 'Mr. Yogurt', 'Mr. Yogurt', 'Mr. Yogurt', 'Crystal Raw', 'Crystal Raw', 'Crystal Raw', 'Crystal Raw', 'Mi', 'Mi', 'Mi', 'Mi']",1.31,,420.47,2025-10-11 18:24:49.090000+00:00,1,0,1,0,1960.0,340.0,200.0,140.0,0.0,1.0,0.0,0.0,,,,1
1760254455.0,744a37f98b8975b7993e38979ae329da,2,"['Mi', 'Mi', 'Mi', 'Mi', 'Mi', 'Billy']",2.5,,738.47,2025-10-12 07:34:15.660000+00:00,1,0,1,0,2300.0,150.0,0.0,150.0,0.0,,,,,,,0
1760297430.0,a8e9aa3492e6a8e39382c4af63a2966a,2,"['Billy', 'Mo', 'Mo', 'Mo', 'Mo', 'Mo', 'Mo']",2.14,,781.68,2025-10-12 19:30:30.594000+00:00,1,0,1,0,2210.0,190.0,0.0,190.0,0.0,,,,,,,0
1760431855.0,429f72cdaf51cb448d7473b41c13d686,1,['Crystal Raw'],1.0,,95.68,2025-10-14 08:50:55.661000+00:00,1,0,1,0,0.0,0.0,0.0,0.0,0.0,,,,,,,0
1760548218.0,429f72cdaf51cb448d7473b41c13d686,1,['Mo'],1.0,,131.2,2025-10-15 17:10:18.519000+00:00,1,0,1,0,0.0,0.0,0.0,0.0,0.0,,,,,,,0
1760726591.0,5f84f13d37dad04639af109c15e21f17,1,"['Mr. Yogurt', 'Mr. Yogurt', 'Mr. Yogurt', 'Mr. Yogurt']",1.0,,467.28,2025-10-17 18:43:11.046000+00:00,1,0,1,0,450.0,280.0,400.0,-120.0,0.0,1.0,0.0,1.0,,,,0
1760783021.0,744a37f98b8975b7993e38979ae329da,3,"['Billy', 'Billy', 'Billy', 'Billy', 'Billy', 'Billy', 'Billy', 'Billy', 'C Jay', 'C Jay', 'C Jay', 'C Jay', 'Crystal Raw', 'Crystal Raw', 'Crystal Raw']",1.27,,1260.18,2025-10-18 10:23:41.586000+00:00,1,0,1,0,2450.0,350.0,0.0,350.0,0.0,,,,,,,1
1760977451.0,429f72cdaf51cb448d7473b41c13d686,1,"['Billy', 'Billy']",1.0,,154.75,2025-10-20 16:24:11.328000+00:00,1,1,0,0,200.0,10.0,0.0,10.0,0.0,,,,,,,0
1761238629.0,744a37f98b8975b7993e38979ae329da,1,"['Crystal Raw', 'Crystal Raw']",1.0,,72.91,2025-10-23 16:57:09.565000+00:00,1,0,1,0,2800.0,0.0,0.0,0.0,0.0,,,,,,,0
1761310987.0,429f72cdaf51cb448d7473b41c13d686,1,"['Billy', 'Billy']",1.0,,1622.58,2025-10-24 13:03:07.508000+00:00,2,2,0,0,420.0,0.0,0.0,0.0,0.0,,,,,,,0
1761479073.0,a8e9aa3492e6a8e39382c4af63a2966a,1,['Mo'],3.0,,110.11,2025-10-26 11:44:33.490000+00:00,1,1,0,0,2400.0,0.0,0.0,0.0,0.0,,,,1.0,0.0,0.0,0
1761494879.0,0dba2f4100e8fd62a8b2e3441feb16b1,1,"['T', 'T']",1.0,,153.64,2025-10-26 16:07:59.034000+00:00,0,0,0,0,0.0,10.0,0.0,10.0,0.0,,,,,,,0
1761596302.0,e287be92f4411260e96d044c3f02a38b,1,['T'],1.0,,78.16,2025-10-27 20:18:21.743000+00:00,0,0,0,0,0.0,0.0,0.0,0.0,0.0,,,,,,,0
1761806808.0,70214e7173aa6b6cc92cdeb183974d9e,1,['T'],1.0,,147.24,2025-10-30 06:46:48.043000+00:00,0,0,0,0,0.0,0.0,0.0,0.0,0.0,,,,,,,0
1761821062.0,744a37f98b8975b7993e38979ae329da,1,['Crystal Raw'],1.0,,58.28,2025-10-30 10:44:22.809000+00:00,1,0,1,0,2800.0,0.0,0.0,0.0,0.0,,,,,,,0
